iter	Passed	Remaining
0	2	2362
1	4	2061
2	5	1942
3	7	1891
4	9	1860
5	10	1815
6	12	1793
7	14	1770
8	16	1774
9	18	1796
10	19	1792
11	21	1779
12	23	1770
13	24	1759
14	26	1751
15	28	1746
16	30	1737
17	31	1738
18	33	1736
19	35	1730
20	36	1723
21	38	1718
22	40	1714
23	42	1709
24	43	1706
25	45	1702
26	47	1697
27	49	1706
28	50	1700
29	51	1676
30	53	1669
31	55	1663
32	56	1657
33	58	1652
34	59	1644
35	61	1641
36	63	1641
37	64	1636
38	66	1631
39	67	1629
40	69	1625
41	71	1620
42	72	1616
43	74	1612
44	76	1614
45	78	1618
46	79	1616
47	81	1613
48	82	1608
49	84	1602
50	85	1598
51	87	1594
52	89	1590
53	90	1591
54	92	1595
55	94	1595
56	96	1592
57	97	1589
58	99	1587
59	101	1584
60	102	1581
61	104	1577
62	106	1578
63	108	1582
64	109	1579
65	111	1575
66	112	1571
67	114	1568
68	115	1565
69	117	1560
70	119	1557
71	120	1557
72	122	1556
73	124	1553
74	125	1550
75	127	1547
76	128	1544
77	130	1541
78	131	1538
79	133	1534
80	135	1532
81	137	1534
82	138	1531
83	140	1528
84	141	1525
85	143	1522
86	144	1519
87	146	1515
88	147	1512
89	149	1509
90	151	1508
91	152	1507
92	154	1504
93	155	1501
94	157	1497
95	158	1494
96	160	1491
97	161	1488
98	163	1485
99	164	1482
100	166	1481
101	168	1481
102	169	1478
103	171	1476
104	172	1473
105	174	1470
106	175	1468
107	177	1465
108	179	1463
109	180	1461
110	182	1461
111	184	1459
112	185	1457
113	187	1456
114	189	1454
115	190	1452
116	192	1450
117	193	1447
118	195	1445
119	197	1445
120	198	1443
121	200	1441
122	201	1438
123	203	1436
124	204	1434
125	206	1431
126	207	1429
127	209	1426
128	211	1426
129	212	1424
130	214	1422
131	215	1419
132	217	1417
133	218	1415
134	220	1412
135	221	1409
136	223	1407
137	224	1405
138	226	1403
139	228	1402
140	229	1400
141	231	1398
142	232	1395
143	234	1393
144	235	1391
145	237	1388
146	239	1387
147	240	1385
148	242	1383
149	243	1382
150	245	1380
151	247	1378
152	248	1375
153	250	1373
154	251	1371
155	253	1369
156	254	1367
157	255	1362
158	257	1362
159	259	1361
160	260	1358
161	262	1356
162	263	1354
163	265	1352
164	266	1350
165	268	1348
166	269	1346
167	271	1344
168	273	1343
169	274	1342
170	276	1340
171	277	1338
172	279	1336
173	281	1334
174	282	1332
175	284	1331
176	285	1328
177	287	1327
178	289	1327
179	290	1325
180	292	1323
181	293	1321
182	295	1318
183	296	1316
184	298	1314
185	299	1312
186	301	1311
187	303	1310
188	304	1308
189	306	1306
190	307	1304
191	309	1302
192	310	1300
193	312	1298
194	313	1296
195	315	1294
196	317	1293
197	319	1293
198	321	1293
199	322	1291
200	324	1290
201	326	1288
202	327	1287
203	329	1286
204	331	1284
205	333	1283
206	334	1282
207	336	1280
208	337	1278
209	339	1276
210	340	1274
211	342	1272
212	343	1270
213	345	1268
214	347	1267
215	348	1266
216	350	1264
217	352	1263
218	353	1261
219	355	1259
220	356	1257
221	358	1255
222	359	1253
223	361	1251
224	363	1251
225	365	1250
226	366	1248
227	368	1246
228	369	1244
229	371	1242
230	372	1240
231	374	1238
232	375	1236
233	377	1235
234	379	1234
235	380	1232
236	382	1231
237	383	1229
238	385	1227
239	387	1225
240	388	1224
241	390	1222
242	391	1220
243	393	1218
244	394	1217
245	396	1215
246	398	1213
247	399	1211
248	404	1219
249	405	1217
250	407	1215
251	409	1215
252	411	1213
253	412	1211
254	414	1209
255	415	1208
256	417	1206
257	418	1204
258	420	1202
259	421	1200
260	423	1199
261	425	1198
262	427	1196
263	428	1195
264	430	1193
265	431	1191
266	433	1189
267	434	1187
268	436	1185
269	437	1183
270	439	1183
271	441	1181
272	443	1179
273	444	1178
274	446	1176
275	447	1174
276	449	1172
277	450	1170
278	452	1168
279	454	1167
280	455	1166
281	457	1164
282	458	1162
283	460	1160
284	461	1158
285	463	1156
286	464	1154
287	466	1152
288	467	1151
289	469	1150
290	471	1149
291	473	1147
292	475	1146
293	476	1144
294	478	1143
295	479	1141
296	481	1139
297	482	1137
298	484	1136
299	486	1134
300	487	1132
301	489	1131
302	490	1129
303	492	1127
304	493	1125
305	495	1123
306	496	1121
307	498	1119
308	500	1119
309	502	1117
310	503	1115
311	505	1113
312	506	1111
313	508	1109
314	509	1108
315	511	1106
316	512	1104
317	514	1102
318	515	1101
319	517	1099
320	518	1097
321	520	1095
322	521	1093
323	523	1092
324	524	1090
325	526	1088
326	527	1086
327	529	1085
328	531	1085
329	533	1083
330	534	1081
331	536	1079
332	538	1077
333	539	1075
334	541	1074
335	542	1072
336	544	1070
337	545	1069
338	547	1067
339	548	1065
340	550	1063
341	551	1061
342	553	1060
343	554	1058
344	556	1056
345	558	1054
346	559	1053
347	561	1052
348	563	1050
349	564	1048
350	566	1047
351	567	1045
352	569	1043
353	570	1041
354	572	1039
355	573	1037
356	575	1036
357	577	1034
358	578	1033
359	580	1031
360	581	1029
361	583	1028
362	584	1026
363	586	1024
364	587	1022
365	589	1021
366	591	1020
367	593	1018
368	594	1017
369	596	1015
370	597	1013
371	599	1011
372	600	1009
373	602	1008
374	603	1006
375	605	1004
376	607	1003
377	608	1001
378	610	999
379	611	998
380	613	996
381	614	994
382	616	992
383	617	991
384	619	989
385	621	988
386	623	986
387	624	985
388	626	983
389	627	981
390	629	979
391	630	978
392	632	976
393	633	974
394	635	972
395	636	971
396	638	969
397	639	967
398	641	966
399	643	964
400	644	962
401	646	961
402	647	959
403	649	957
404	650	956
405	652	954
406	654	953
407	655	951
408	657	949
409	658	947
410	660	946
411	661	944
412	663	942
413	664	940
414	666	939
415	668	937
416	669	936
417	671	934
418	672	933
419	674	931
420	676	929
421	677	928
422	679	926
423	680	924
424	683	924
425	684	922
426	686	920
427	687	918
428	689	917
429	690	915
430	692	913
431	693	911
432	695	910
433	696	908
434	698	907
435	700	905
436	701	904
437	703	902
438	705	901
439	706	899
440	708	897
441	710	896
442	711	895
443	713	893
444	715	891
445	716	890
446	718	888
447	719	886
448	721	884
449	722	883
450	724	881
451	725	880
452	727	878
453	729	877
454	730	875
455	732	873
456	733	871
457	735	870
458	736	868
459	738	866
460	739	865
461	741	863
462	743	862
463	745	860
464	746	859
465	748	857
466	749	855
467	751	853
468	752	852
469	754	850
470	755	848
471	757	847
472	759	845
473	760	844
474	762	842
475	763	840
476	765	839
477	766	837
478	768	835
479	770	834
480	771	832
481	773	831
482	775	829
483	776	828
484	778	826
485	779	824
486	781	822
487	782	821
488	784	819
489	785	817
490	787	816
491	789	814
492	790	813
493	792	811
494	793	809
495	795	808
496	796	806
497	798	804
498	800	803
499	801	801
500	803	800
501	805	798
502	806	797
503	808	795
504	809	793
505	811	791
506	812	790
507	814	788
508	815	786
509	817	785
510	819	783
511	820	782
512	822	780
513	823	778
514	825	777
515	826	775
516	828	773
517	829	772
518	831	770
519	833	768
520	834	767
521	836	765
522	837	764
523	839	762
524	840	760
525	842	759
526	844	757
527	845	755
528	847	754
529	848	752
530	850	751
531	851	749
532	853	747
533	854	746
534	856	744
535	858	742
536	859	741
537	861	739
538	862	737
539	864	736
540	866	734
541	870	735
542	872	734
543	873	732
544	875	731
545	877	729
546	878	727
547	880	726
548	881	724
549	883	722
550	884	721
551	886	719
552	888	717
553	889	716
554	891	714
555	892	712
556	894	711
557	895	709
558	897	708
559	899	706
560	900	704
561	902	703
562	903	701
563	905	700
564	907	698
565	908	696
566	910	695
567	911	693
568	913	691
569	914	690
570	916	688
571	918	686
572	919	685
573	921	683
574	922	681
575	924	680
576	926	679
577	927	677
578	929	675
579	930	674
580	932	672
581	933	670
582	935	669
583	937	667
584	938	665
585	940	664
586	941	662
587	943	661
588	944	659
589	946	657
590	948	656
591	949	654
592	951	652
593	952	651
594	954	649
595	956	648
596	958	646
597	959	645
598	961	643
599	963	642
600	964	640
601	966	638
602	967	637
603	969	635
604	971	633
605	972	632
606	974	630
607	975	629
608	977	627
609	979	626
610	980	624
611	982	622
612	983	621
613	985	619
614	987	618
615	988	616
616	990	614
617	991	613
618	993	611
619	994	609
620	996	608
621	997	606
622	999	605
623	1001	603
624	1003	601
625	1004	600
626	1006	598
627	1007	596
628	1009	595
629	1010	593
630	1012	591
631	1013	590
632	1015	588
633	1017	587
634	1018	585
635	1020	583
636	1021	582
637	1023	580
638	1024	579
639	1026	577
640	1028	575
641	1029	574
642	1031	572
643	1033	571
644	1034	569
645	1036	567
646	1037	566
647	1039	564
648	1040	562
649	1042	561
650	1044	559
651	1046	558
652	1047	556
653	1049	555
654	1050	553
655	1052	551
656	1054	550
657	1055	548
658	1057	546
659	1058	545
660	1061	544
661	1063	542
662	1064	541
663	1066	539
664	1068	538
665	1069	536
666	1071	534
667	1073	533
668	1075	531
669	1076	530
670	1078	528
671	1080	527
672	1081	525
673	1083	523
674	1084	522
675	1086	520
676	1087	518
677	1089	517
678	1091	515
679	1092	514
680	1094	512
681	1095	510
682	1097	509
683	1098	507
684	1100	505
685	1101	504
686	1103	502
687	1105	501
688	1106	499
689	1108	497
690	1109	496
691	1111	494
692	1113	493
693	1114	491
694	1116	489
695	1117	488
696	1119	486
697	1121	485
698	1122	483
699	1124	481
700	1125	480
701	1127	478
702	1128	476
703	1130	475
704	1131	473
705	1133	471
706	1134	470
707	1136	468
708	1138	467
709	1140	465
710	1141	464
711	1143	462
712	1144	460
713	1146	459
714	1147	457
715	1149	455
716	1151	454
717	1152	452
718	1154	451
719	1155	449
720	1157	447
721	1158	446
722	1160	444
723	1161	442
724	1163	441
725	1165	439
726	1166	438
727	1168	436
728	1170	435
729	1171	433
730	1173	431
731	1174	430
732	1176	428
733	1177	426
734	1179	425
735	1181	423
736	1182	422
737	1184	420
738	1185	418
739	1187	417
740	1188	415
741	1190	413
742	1191	412
743	1193	410
744	1194	409
745	1196	407
746	1198	405
747	1200	404
748	1201	402
749	1203	401
750	1204	399
751	1206	397
752	1207	396
753	1209	394
754	1210	392
755	1212	391
756	1214	389
757	1215	388
758	1217	386
759	1218	384
760	1220	383
761	1221	381
762	1223	379
763	1224	378
764	1226	376
765	1228	375
766	1230	373
767	1231	372
768	1233	370
769	1234	368
770	1236	367
771	1237	365
772	1239	364
773	1241	362
774	1243	360
775	1244	359
776	1246	357
777	1247	356
778	1249	354
779	1250	352
780	1252	351
781	1253	349
782	1255	347
783	1257	346
784	1259	344
785	1260	343
786	1262	341
787	1263	339
788	1265	338
789	1267	336
790	1268	335
791	1270	333
792	1272	332
793	1273	330
794	1275	328
795	1276	327
796	1278	325
797	1280	324
798	1281	322
799	1283	320
800	1284	319
801	1286	317
802	1287	315
803	1289	314
804	1291	312
805	1292	311
806	1294	309
807	1296	307
808	1297	306
809	1299	304
810	1300	303
811	1302	301
812	1304	299
813	1305	298
814	1307	296
815	1308	295
816	1310	293
817	1311	291
818	1313	290
819	1314	288
820	1316	287
821	1318	285
822	1320	283
823	1321	282
824	1323	280
825	1324	279
826	1326	277
827	1327	275
828	1329	274
829	1330	272
830	1335	271
831	1336	269
832	1338	268
833	1339	266
834	1341	265
835	1342	263
836	1344	261
837	1346	260
838	1348	258
839	1350	257
840	1351	255
841	1353	253
842	1355	252
843	1356	250
844	1358	249
845	1359	247
846	1361	245
847	1362	244
848	1364	242
849	1366	241
850	1367	239
851	1369	237
852	1370	236
853	1372	234
854	1373	233
855	1375	231
856	1376	229
857	1378	228
858	1380	226
859	1381	224
860	1383	223
861	1385	221
862	1386	220
863	1388	218
864	1389	216
865	1391	215
866	1393	213
867	1394	212
868	1396	210
869	1398	208
870	1399	207
871	1401	205
872	1402	204
873	1404	202
874	1405	200
875	1407	199
876	1408	197
877	1410	195
878	1411	194
879	1413	192
880	1414	191
881	1416	189
882	1417	187
883	1419	186
884	1420	184
885	1422	183
886	1424	181
887	1425	179
888	1427	178
889	1428	176
890	1430	174
891	1431	173
892	1433	171
893	1434	170
894	1436	168
895	1438	166
896	1439	165
897	1441	163
898	1442	162
899	1444	160
900	1445	158
901	1447	157
902	1448	155
903	1450	154
