CRIM_log,ZN_log,NOX_log,DIS_log,LSTAT_log,B_yj,RM,CHAS,RAD_1,RAD_2,RAD_3,RAD_4,RAD_5,RAD_6,RAD_7,RAD_8,RAD_24,ZN_gt0
1.7510126141389588,0.0,1.0757856691703143,-0.44962839973141827,0.6146576212945396,-5.175058592674603,0.3202437373053491,0.0,0.0,0.0,0.0,0.0,0.0,0.0,0.0,0.0,1.0,0.0
2.847399872200491,0.0,0.7646788564678413,-0.5414942148383239,0.7717369676547245,-5.175658807705425,-0.36222071767095465,0.0,0.0,0.0,0.0,0.0,0.0,0.0,0.0,0.0,1.0,0.0
-0.061222393433943416,0.0,-0.28226322365730466,0.21537171219967488,-0.13899805572324103,-0.2325812468555776,0.20379146919431285,0.0,0.0,0.0,0.0,1.0,0.0,0.0,0.0,0.0,0.0,0.0
-0.11355813500171599,0.8548761714466375,-0.7636948979604115,0.7700214596117617,-0.30235149655292654,0.23051965013541678,-0.46919431279620816,0.0,0.0,0.0,0.0,1.0,0.0,0.0,0.0,0.0,0.0,1.0
-0.07927061224865901,0.0,0.39343048473374104,-0.4028339144719768,0.26299683392531487,0.26228396432435797,-0.327014218009479,0.0,0.0,0.0,0.0,1.0,0.0,0.0,0.0,0.0,0.0,0.0
-0.06916894829480591,1.127923106079307,-0.6469243123997224,0.8622896024409862,-0.7806449094149821,-0.695270924021607,0.22816519972918056,0.0,0.0,0.0,0.0,0.0,0.0,1.0,0.0,0.0,0.0,1.0
-0.013135130297787793,0.0,0.05086526047534356,-0.22718996959935178,0.5504765231101746,0.26228396432435797,-0.17941773865944516,0.0,0.0,0.0,0.0,0.0,0.0,1.0,0.0,0.0,0.0,0.0
-0.12406984505282413,1.1060177413257657,-0.42987453464084446,0.13783786106116905,-0.2941944469874449,0.17558871632435322,0.294515910629655,0.0,0.0,0.0,0.0,1.0,0.0,0.0,0.0,0.0,0.0,1.0
-0.11752278830984805,0.0,-0.5196561288429729,0.3392687726362587,0.2198729630217852,0.2204194124009595,-0.28368314150304696,0.0,0.0,0.0,1.0,0.0,0.0,0.0,0.0,0.0,0.0,0.0
-0.11110885468619804,0.0,-0.5618727524776533,1.0153730207467326,0.20273988683374555,-1.0889978734451318,-0.44211238997968877,0.0,0.0,0.0,1.0,0.0,0.0,0.0,0.0,0.0,0.0,0.0
-0.12289548674243816,1.4433952268581207,-0.8320207718951299,0.7900441829605854,-0.04019894410211546,0.26228396432435797,-0.5924170616113743,0.0,0.0,0.0,0.0,1.0,0.0,0.0,0.0,0.0,0.0,1.0
-0.13113768104733542,1.499200050199295,-0.800897155316603,0.9610216757363179,-0.9138744195310036,0.26228396432435797,1.0162491536899114,0.0,0.0,0.0,1.0,0.0,0.0,0.0,0.0,0.0,0.0,1.0
0.17934764305587184,1.0,0.5969244896726373,-0.5422552804117524,-0.7947613670543907,-0.06277453834763312,3.3574813811780637,0.0,0.0,0.0,0.0,0.0,1.0,0.0,0.0,0.0,0.0,1.0
-0.03058220767121265,0.0,-0.2588756422419377,0.5623075306114971,-0.802900586875418,0.11516714937968883,0.27962085308056883,0.0,0.0,0.0,0.0,0.0,1.0,0.0,0.0,0.0,0.0,0.0
-0.11186307593897865,0.0,-0.2881199358318767,0.02269366850758724,0.24557582409022058,-0.17628217247636765,-0.09681787406905934,0.0,0.0,0.0,1.0,0.0,0.0,0.0,0.0,0.0,0.0,0.0
0.16486178910201138,1.0,0.20724103616200987,-0.27553546903650566,-0.39580605806350616,-0.28714882760480637,2.8063642518618823,0.0,0.0,0.0,0.0,0.0,1.0,0.0,0.0,0.0,0.0,1.0
-0.09718234317548816,0.0,-0.2881199358318767,-0.07142059988432843,0.3163274194876578,-0.005123595215432471,-0.8402166553825318,0.0,0.0,0.0,1.0,0.0,0.0,0.0,0.0,0.0,0.0,0.0
0.04649942308305378,0.0,-0.17750970463841068,0.133833030121458,-1.05811801975326,-0.5223022645665207,2.7386594448205814,0.0,0.0,0.0,0.0,0.0,0.0,0.0,0.0,1.0,0.0,0.0
1.356859811534434,0.0,0.9394502377356261,-0.1416829755825099,0.4900197914192637,-3.647055404474367,0.10358835477318919,0.0,0.0,0.0,0.0,0.0,0.0,0.0,0.0,0.0,1.0,0.0
0.6810326216993886,0.0,0.37173111884705834,-0.2884120997976126,0.14322399156619012,-1.6781752632420814,-0.46648612051455646,0.0,0.0,0.0,0.0,0.0,1.0,0.0,0.0,0.0,0.0,0.0
1.3637500208206323,0.0,0.6391666837426835,-0.07963353758686394,0.2517010293474944,0.26228396432435797,-0.020988490182803368,0.0,0.0,0.0,0.0,0.0,0.0,0.0,0.0,0.0,1.0,0.0
-0.0803547386314271,0.0,0.1961638863311412,-0.2883334453525916,-0.5456835670164533,0.10476722336876716,0.7711577522004056,0.0,1.0,0.0,0.0,0.0,0.0,0.0,0.0,0.0,0.0,0.0
1.3285974371419458,0.0,0.32816967533296343,-0.7181370479686682,1.065813582431437,-2.6872220583236537,-0.8226134055517939,0.0,0.0,0.0,0.0,0.0,0.0,0.0,0.0,0.0,1.0,0.0
-0.061356637887540665,1.0298804755315754,-0.6286289945748216,0.9208887367453218,-0.645864677255628,0.23373615008982057,0.3554502369668248,0.0,0.0,0.0,0.0,0.0,0.0,0.0,1.0,0.0,0.0,1.0
-0.09788302245424824,0.0,-0.5921531432685573,0.5802168886456339,-0.022654813504619654,0.26228396432435797,-0.29180771834800207,0.0,0.0,0.0,0.0,1.0,0.0,0.0,0.0,0.0,0.0,0.0
-0.11078773903937665,1.2197551972982583,-0.6408216059944217,1.125777474272166,-0.631556431493471,0.26228396432435797,0.35951252538930295,0.0,1.0,0.0,0.0,0.0,0.0,0.0,0.0,0.0,0.0,1.0
-0.01327180077897584,1.0,-0.42987453464084446,0.32427910043617664,-0.5291995720917931,-0.015356514352549621,1.9857819905213265,1.0,0.0,0.0,1.0,0.0,0.0,0.0,0.0,0.0,0.0,1.0
1.62205787919513,0.0,0.9648589288324475,-0.5455900619237949,0.887844500087511,-5.171028187025723,0.8117806364251859,0.0,0.0,0.0,0.0,0.0,0.0,0.0,0.0,0.0,1.0,0.0
0.39371563487418293,0.0,0.47432542718725923,-0.3355246084180802,0.16494246976765356,0.26228396432435797,0.13744075829383842,0.0,0.0,0.0,0.0,1.0,0.0,0.0,0.0,0.0,0.0,0.0
1.2768093320043035,0.0,0.9394502377356261,-0.16499543627524732,0.3745964712154636,0.26228396432435797,-0.19431279620853012,0.0,0.0,0.0,0.0,0.0,0.0,0.0,0.0,0.0,1.0,0.0
0.49018334537705144,0.0,0.37173111884705834,-0.3806918660033193,-1.2270888922419276,-0.11778011220288952,2.91198375084631,1.0,0.0,0.0,0.0,0.0,1.0,0.0,0.0,0.0,0.0,0.0
0.15573745157730123,0.0,0.47432542718725923,-0.402491125435961,0.5415245034598059,0.16009664669438045,0.14962762356127288,0.0,0.0,0.0,0.0,1.0,0.0,0.0,0.0,0.0,0.0,0.0
-0.035556926641973345,0.0,0.39343048473374104,-0.5641303931380296,0.9505434656858779,-1.8142326613760815,-1.0974949221394719,0.0,0.0,0.0,0.0,1.0,0.0,0.0,0.0,0.0,0.0,0.0
1.0406144695813966,0.0,0.9648589288324475,-0.6347474077816935,-0.4437821393296061,-1.451007901086175,-3.6066350710900466,0.0,0.0,0.0,0.0,0.0,0.0,0.0,0.0,0.0,1.0,0.0
-0.09356164535124512,1.0152799056622093,-0.5800283628106341,0.8251564665606765,0.2716164975592044,0.2007163925362647,-0.3540961408259984,0.0,0.0,0.0,0.0,1.0,0.0,0.0,0.0,0.0,0.0,1.0
-0.1300860537415773,0.0,-0.13135359023210647,0.43060787945931234,-0.2476513078870858,0.22730449631996982,-0.2241029113067024,0.0,0.0,0.0,0.0,0.0,1.0,0.0,0.0,0.0,0.0,0.0
0.1871710946479395,0.0,0.0,0.4063816023404511,-0.2807173702298867,0.26228396432435797,-0.3730534867975627,0.0,0.0,0.0,0.0,1.0,0.0,0.0,0.0,0.0,0.0,0.0
1.513808911008426,0.0,1.0757856691703143,-0.46041322573768223,0.6657178416908341,-0.19278524763856505,0.3527420446851731,0.0,0.0,0.0,0.0,0.0,0.0,0.0,0.0,0.0,1.0,0.0
0.2368093549408754,0.0,0.0,0.33247393446384227,0.49505228370281773,0.1446361657424002,-0.4069058903182119,0.0,0.0,0.0,0.0,1.0,0.0,0.0,0.0,0.0,0.0,0.0
1.2693253186432685,0.0,0.9394502377356261,-0.31426399917557807,0.5742620470821765,-5.1758006425894365,0.7102234258632358,0.0,0.0,0.0,0.0,0.0,0.0,0.0,0.0,0.0,1.0,0.0
-0.06924918250143837,0.0,-0.5256745728127408,0.624202807885852,-0.8528896207656201,-0.24981388414935893,0.7386594448205817,0.0,0.0,0.0,1.0,0.0,0.0,0.0,0.0,0.0,0.0,0.0
0.6944817652116124,0.0,0.2514094181366588,0.15433049109958596,0.2621315661488782,-0.8534689149013535,-0.4786729857819897,0.0,0.0,0.0,0.0,0.0,0.0,0.0,0.0,0.0,1.0,0.0
1.2986951515530738,0.0,0.4204789573914344,-0.4411335029038944,0.9162727515218629,-5.175800027386262,-0.16452268111035903,0.0,0.0,0.0,0.0,0.0,0.0,0.0,0.0,0.0,1.0,0.0
-0.019852253314489754,1.0,-0.5564334343563306,0.25657935446161556,-0.8507660504015576,0.26228396432435797,0.7955314827352745,0.0,0.0,0.0,0.0,0.0,1.0,0.0,0.0,0.0,0.0,1.0
1.5106295493858477,0.0,0.8370683711185417,-0.6935534582005685,1.2178340243442962,-2.004018309452288,-0.5044008124576839,0.0,0.0,0.0,0.0,0.0,0.0,0.0,0.0,0.0,1.0,0.0
-0.07743833455420196,0.0,0.06775460849734853,0.048476138344599254,-0.011814337829569845,0.11788254226026477,0.20108327691266117,1.0,0.0,0.0,0.0,0.0,1.0,0.0,0.0,0.0,0.0,0.0
1.7776877373801376,0.0,0.4204789573914344,-0.40678233858432705,0.996411616355161,-1.6323160815609594,-1.246445497630331,0.0,0.0,0.0,0.0,0.0,0.0,0.0,0.0,0.0,1.0,0.0
1.609208903549728,0.0,0.8730389557256899,-0.557087366150299,1.0327612177098047,0.26228396432435797,-1.6093432633716995,0.0,0.0,0.0,0.0,0.0,0.0,0.0,0.0,0.0,1.0,0.0
-0.13524477957332248,1.3221619393763289,-0.31158621041551926,0.6264218635178025,-0.43464423370165406,0.26228396432435797,0.6384563303994579,0.0,0.0,0.0,0.0,0.0,1.0,0.0,0.0,0.0,0.0,1.0
-0.05277458379205154,1.0701502796142182,-0.4956238166036114,0.9856501179688755,-0.4841760556209982,-0.019356817787003155,-0.10765064319566735,0.0,0.0,0.0,0.0,0.0,0.0,0.0,0.0,1.0,0.0,1.0
-0.11133831376142823,1.2197551972982583,-0.5316971746025084,0.4421601022590508,-1.006546293171687,0.10476722336876716,0.8144888287068376,1.0,0.0,0.0,0.0,1.0,0.0,0.0,0.0,0.0,0.0,1.0
-0.10782605395237468,0.0,-0.16017251149844086,-0.02401654834741175,-0.7528846915511708,-0.006904258161632959,0.43534190927555894,0.0,0.0,0.0,0.0,0.0,1.0,0.0,0.0,0.0,0.0,0.0
0.4188089412698027,0.0,0.37173111884705834,-0.5434929396719477,-0.7199897784079033,-1.9799646693740995,0.03452945159106306,1.0,0.0,0.0,0.0,0.0,1.0,0.0,0.0,0.0,0.0,0.0
-0.10621647822652826,1.2575507242285282,-0.5921531432685573,0.7667825950775463,-0.8851870173113487,-0.062332804358827314,0.6966824644549761,0.0,0.0,0.0,0.0,0.0,1.0,0.0,0.0,0.0,0.0,1.0
2.1157589494586544,0.0,0.8370683711185417,-0.647249764118472,1.082462511862121,0.26228396432435797,-0.3215978334461744,0.0,0.0,0.0,0.0,0.0,0.0,0.0,0.0,0.0,1.0,0.0
0.9441700127381455,0.0,1.2248100800008221,-0.32557964109698107,0.33360695481698205,-1.592230585819934,0.035883547731889516,0.0,0.0,0.0,0.0,0.0,0.0,0.0,0.0,0.0,1.0,0.0
0.06581228084606415,1.0298804755315754,-0.6286289945748216,1.1412841589476128,-1.1654351701369363,0.26228396432435797,2.7549085985104944,0.0,0.0,0.0,0.0,0.0,0.0,0.0,1.0,0.0,0.0,1.0
1.8913586457537215,0.0,0.723041926003834,-0.7559121164051309,0.8366086143529712,0.11788254226026477,-0.0020311442112390743,0.0,0.0,0.0,0.0,0.0,0.0,0.0,0.0,0.0,1.0,0.0
1.6452867626360947,0.0,0.25691476454252443,-0.45184952773470516,0.4504962664793581,-5.17528005205495,-0.5247122545700746,0.0,0.0,0.0,0.0,0.0,0.0,0.0,0.0,0.0,1.0,0.0
-0.08586406166087551,0.0,0.05086526047534356,-0.1794131121517395,-0.04906488590495152,0.20208937632962695,0.6641841570751521,0.0,0.0,0.0,0.0,0.0,0.0,1.0,0.0,0.0,0.0,0.0
0.9231779837432276,0.0,0.9394502377356261,-0.22003475585922838,0.3706372124356611,0.014045805029427788,0.2051455653351393,0.0,0.0,0.0,0.0,0.0,0.0,0.0,0.0,0.0,1.0,0.0
0.11796147416293609,0.0,0.0339431281920292,0.230511406694906,0.2081759243183759,0.23143851274700536,-0.15098171970209812,0.0,0.0,0.0,0.0,1.0,0.0,0.0,0.0,0.0,0.0,0.0
0.4838840332962205,0.0,1.7085866447950464,-0.6458090958579783,0.25692725422664425,-1.894119111207251,-1.1110358835477316,0.0,0.0,0.0,0.0,0.0,1.0,0.0,0.0,0.0,0.0,0.0
-0.027837641952010553,1.0298804755315754,-0.6286289945748216,1.0215538605751766,-0.05017759469756223,-0.6374496288831438,0.0020311442112390743,0.0,0.0,0.0,0.0,0.0,0.0,0.0,1.0,0.0,0.0,1.0
-0.1269809093117207,1.4433952268581207,-0.794685743764933,0.9068958243781055,-0.522666785563923,0.04849728089505536,1.4211238997968854,0.0,0.0,1.0,0.0,0.0,0.0,0.0,0.0,0.0,0.0,1.0
0.06027486937378329,0.0,-0.17750970463841068,-0.11427727358511232,-0.1001513792610198,0.026107932968502494,0.9837508463100874,1.0,0.0,0.0,0.0,0.0,0.0,0.0,0.0,1.0,0.0,0.0
-0.0035219620067218657,0.0,0.2624166364474298,-0.2804131624051528,0.22523464122949535,0.26228396432435797,-0.2782667569397424,0.0,0.0,0.0,0.0,0.0,0.0,1.0,0.0,0.0,0.0,0.0
-0.09084410613437953,0.0,0.24038828424909756,-0.41272699536089924,0.6068141413238286,-0.5577588376678706,-0.3568043331076501,0.0,0.0,1.0,0.0,0.0,0.0,0.0,0.0,0.0,0.0,0.0
0.5156248495146228,0.0,0.0,0.1643922037925398,0.7555568762960723,-4.053411442657257,-0.17400135409614056,0.0,0.0,0.0,0.0,1.0,0.0,0.0,0.0,0.0,0.0,0.0
2.206077058776919,0.0,0.32816967533296343,-0.6469409183600192,0.7403412727702494,-4.526715600153417,-1.4482058226134047,0.0,0.0,0.0,0.0,0.0,0.0,0.0,0.0,0.0,1.0,0.0
2.792913317664606,0.0,0.8370683711185417,-0.7341404872655232,0.90032970083003,-0.26872090752530065,-0.7332430602572783,0.0,0.0,0.0,0.0,0.0,0.0,0.0,0.0,0.0,1.0,0.0
0.04563653100927509,0.0,0.47432542718725923,-0.25685405736848366,0.40041554080592606,-0.10725150388787957,-0.5450236966824642,0.0,0.0,0.0,0.0,1.0,0.0,0.0,0.0,0.0,0.0,0.0
0.2870325150485625,0.0,0.47432542718725923,-0.4597422016481561,0.6334105545476248,0.26228396432435797,-0.7955314827352745,0.0,0.0,0.0,0.0,1.0,0.0,0.0,0.0,0.0,0.0,0.0
1.1584564928960184,0.0,0.9394502377356261,-0.3173953748804892,0.4892991954193246,-5.1222990403272535,0.28639133378469867,0.0,0.0,0.0,0.0,0.0,0.0,0.0,0.0,0.0,1.0,0.0
-0.13917831780141018,1.4433952268581207,-0.9134660676061814,1.1656119782456706,0.22612600685130954,-1.894119111207251,0.007447528774543674,0.0,1.0,0.0,0.0,0.0,0.0,0.0,0.0,0.0,0.0,1.0
-0.12629052166212654,1.3071612166792943,-0.7884787547209718,0.9082104136886768,-0.44072868988066016,0.26228396432435797,-0.020988490182803368,0.0,0.0,0.0,0.0,0.0,0.0,1.0,0.0,0.0,0.0,1.0
-0.13766488135398836,1.3502524445992472,-0.8133332711829964,0.7195956066950239,-0.813150245242298,0.10115323243229493,0.7792823290453619,0.0,1.0,0.0,0.0,0.0,0.0,0.0,0.0,0.0,0.0,1.0
1.3916246114603232,0.0,0.9394502377356261,-0.14305758701908228,0.5401415210604259,-5.175799203015061,-0.39065673662830047,0.0,0.0,0.0,0.0,0.0,0.0,0.0,0.0,0.0,1.0,0.0
-0.114789310342846,0.0,-0.2881199358318767,-0.002613212670018185,-0.9386772290543898,0.06780628518003991,2.175355450236967,0.0,0.0,0.0,1.0,0.0,0.0,0.0,0.0,0.0,0.0,0.0
-0.09231638411279709,1.2575507242285282,-0.5921531432685573,0.7667825950775463,-0.798824305461295,-0.5745954408535199,0.9837508463100874,0.0,0.0,0.0,0.0,0.0,1.0,0.0,0.0,0.0,0.0,1.0
0.03801245694324041,0.0,-0.19488144551255995,-0.1030396071887334,-1.0113665966085925,-0.26528707212539293,2.764387271496276,0.0,0.0,0.0,0.0,0.0,0.0,0.0,0.0,1.0,0.0,0.0
-0.1258819740124858,0.0,-0.28226322365730466,-0.03704505072985021,-0.288786043767964,0.10928716099940955,0.24441435341909315,0.0,0.0,1.0,0.0,0.0,0.0,0.0,0.0,0.0,0.0,0.0
-0.050181435258257516,0.0,-0.7389813002785288,0.5353231857222597,-0.08060410007906212,-0.6048740392253277,-0.3568043331076501,0.0,0.0,0.0,0.0,1.0,0.0,0.0,0.0,0.0,0.0,0.0
-0.12234235697265083,1.0701502796142182,-0.6591425565076348,0.5591464165217435,-0.4285894579146902,0.2039204051776084,0.5341909275558562,0.0,0.0,0.0,0.0,1.0,0.0,0.0,0.0,0.0,0.0,1.0
0.935212757190856,0.0,0.6391666837426835,-0.11089945535490016,0.5545865486371498,-5.1754398380515525,-0.3689911983750845,0.0,0.0,0.0,0.0,0.0,0.0,0.0,0.0,0.0,1.0,0.0
1.229465129499888,0.0,1.0757856691703143,-0.41917541322457097,0.5976003280443078,-2.5963979339272254,0.15775220040622917,0.0,0.0,0.0,0.0,0.0,0.0,0.0,0.0,0.0,1.0,0.0
-0.1271821219617628,0.0,-0.13135359023210647,0.7629641635243748,-0.5016696088929714,-0.07601407473117909,0.11577522004062243,0.0,0.0,0.0,0.0,0.0,1.0,0.0,0.0,0.0,0.0,0.0
-0.14644346832777877,1.4816312242027347,-0.819557988151472,0.906623125213406,-0.3369282887814882,0.16237291020915168,1.1692620176032498,0.0,1.0,0.0,0.0,0.0,0.0,0.0,0.0,0.0,0.0,1.0
-0.12264219203875143,1.4001144561210013,-0.819557988151472,0.9876141567210208,-0.6156543788635912,-0.011354027473708353,0.8754231550440087,0.0,0.0,0.0,0.0,0.0,1.0,0.0,0.0,0.0,0.0,1.0
-0.1188935643665056,1.0152799056622093,-0.5800283628106341,0.8251564665606765,-0.25813691681380496,0.26228396432435797,-0.3067027758970882,0.0,0.0,0.0,0.0,1.0,0.0,0.0,0.0,0.0,0.0,1.0
-0.07803814003581781,1.127923106079307,-0.6469243123997224,0.7409295586449489,0.07970779150508635,0.006015330078295514,0.9106296547054843,0.0,0.0,0.0,0.0,0.0,0.0,1.0,0.0,0.0,0.0,1.0
0.041869134390807805,0.0,0.47432542718725923,-0.46556899908778693,0.5373709248765041,-0.5511767113124852,-0.3825321597833442,0.0,0.0,0.0,0.0,1.0,0.0,0.0,0.0,0.0,0.0,0.0
1.244201298013821,0.0,0.25691476454252443,-0.36460450758895707,0.14322399156619012,-5.126192525551011,0.2714962762356125,0.0,0.0,0.0,0.0,0.0,0.0,0.0,0.0,0.0,1.0,0.0
0.5198255353663834,0.0,0.47432542718725923,-0.7264698145420067,1.3841276925201043,0.26228396432435797,-1.6323628977657407,0.0,0.0,0.0,0.0,1.0,0.0,0.0,0.0,0.0,0.0,0.0
0.7083707791996489,0.0,1.7085866447950464,-0.5733520685215053,0.4835193173382682,-5.140275039923211,-1.289776574136763,0.0,0.0,0.0,0.0,0.0,1.0,0.0,0.0,0.0,0.0,0.0
-0.1297291314861469,1.4224672108262362,-0.6469243123997224,0.5592296998673033,-1.687996165082796,0.2034626068423866,1.0825998645903858,0.0,0.0,0.0,1.0,0.0,0.0,0.0,0.0,0.0,0.0,1.0
-0.12845782160328237,1.4433952268581207,-0.8695163812855253,1.1828179300336807,-0.15464144792966186,0.1833466085611148,-0.47190250507785986,0.0,1.0,0.0,0.0,0.0,0.0,0.0,0.0,0.0,0.0,1.0
-0.019357991389047795,0.8548761714466375,-0.0797184003191944,0.6939686151627655,1.2162298540724996,-0.19712178215291437,-0.8036560595802296,0.0,0.0,0.0,0.0,0.0,1.0,0.0,0.0,0.0,0.0,1.0
-0.1404557083950953,1.499200050199295,-0.800897155316603,0.9610216757363179,-0.9386772290543898,-0.2974129734198939,1.2329045362220714,0.0,0.0,0.0,1.0,0.0,0.0,0.0,0.0,0.0,0.0,1.0
-0.11676901959582765,0.0,-0.28226322365730466,0.0640235613360399,-0.6823739732486437,0.2236316827315032,1.1570751523358154,0.0,0.0,1.0,0.0,0.0,0.0,0.0,0.0,0.0,0.0,0.0
-0.12535322753286995,1.4433952268581207,-0.794685743764933,0.9068958243781055,-1.025940852996327,0.26228396432435797,1.4387271496276233,0.0,0.0,1.0,0.0,0.0,0.0,0.0,0.0,0.0,0.0,1.0
1.0719931746737619,0.0,0.9394502377356261,-0.2087249942564244,0.5036322250674106,-3.9447475216724435,0.6452268111035878,0.0,0.0,0.0,0.0,0.0,0.0,0.0,0.0,0.0,1.0,0.0
-0.11821777203887918,0.0,-0.13135359023210647,0.7629641635243748,-0.6860846683143289,-0.062332804358827314,0.12389979688557873,0.0,0.0,0.0,0.0,0.0,1.0,0.0,0.0,0.0,0.0,0.0
-0.07721978401208125,1.0,-0.42987453464084446,0.20783173658647808,-0.3538736246619332,0.17330848822050182,0.4245091401489509,0.0,0.0,0.0,1.0,0.0,0.0,0.0,0.0,0.0,0.0,1.0
1.0388650152265504,0.0,1.2248100800008221,-0.2384308964762636,-0.34537203954172196,-0.7013058916650367,0.2349356804333104,0.0,0.0,0.0,0.0,0.0,0.0,0.0,0.0,0.0,1.0,0.0
-0.0669507451962992,0.0,-0.10262962439739381,-0.3974878837003291,0.32540859888850643,-0.15101916750682487,-0.13202437373053502,0.0,0.0,0.0,0.0,0.0,1.0,0.0,0.0,0.0,0.0,0.0
-0.12467113589654027,1.0701502796142182,-0.6591425565076348,0.5591464165217435,-0.7607530321634651,0.26228396432435797,0.6804333107650647,0.0,0.0,0.0,0.0,1.0,0.0,0.0,0.0,0.0,0.0,1.0
1.3504529967015972,0.0,0.8370683711185417,-0.6244851062815975,0.7308842626406732,0.08896886333846869,-0.6465809072444143,0.0,0.0,0.0,0.0,0.0,0.0,0.0,0.0,0.0,1.0,0.0
-0.09745867368051374,0.0,-0.5921531432685573,0.5802168886456339,-0.23854850540726438,0.26228396432435797,-0.13202437373053502,0.0,0.0,0.0,0.0,1.0,0.0,0.0,0.0,0.0,0.0,0.0
-0.105552879756457,0.0,0.06775460849734853,0.06601458847215406,-0.10247142960945249,0.07455378303851126,0.5653351387948549,0.0,0.0,0.0,0.0,0.0,1.0,0.0,0.0,0.0,0.0,0.0
-0.038137363340006177,0.0,0.2624166364474298,-0.1362337483701007,0.5849854535211072,0.09754098245232128,-0.7508463100880161,0.0,0.0,0.0,0.0,0.0,0.0,1.0,0.0,0.0,0.0,0.0
-0.0733410251752672,0.0,-0.5437548746491755,0.08816657831481285,-0.9945768023927405,0.26228396432435797,2.4976303317535553,0.0,0.0,1.0,0.0,0.0,0.0,0.0,0.0,0.0,0.0,0.0
2.390622416423281,0.0,0.7646788564678413,-0.5131238658883588,0.3602836423133949,-5.175582625724436,-0.030467163168584915,0.0,0.0,0.0,0.0,0.0,0.0,0.0,0.0,0.0,1.0,0.0
0.33047980302869656,0.0,0.0,0.292233444167349,0.13845187275045953,-0.46917555226845686,0.6086662153012868,0.0,0.0,0.0,0.0,1.0,0.0,0.0,0.0,0.0,0.0,0.0
-0.11361733956177997,0.0,-0.2881199358318767,-0.12561050374069718,-0.811093531308527,0.26228396432435797,1.0230196343940425,0.0,0.0,0.0,1.0,0.0,0.0,0.0,0.0,0.0,0.0,0.0
-0.1437247379234285,1.1770381108229664,-0.5618727524776533,0.862687592937371,-0.721900828169609,0.1632836069225714,1.376438727149627,0.0,1.0,0.0,0.0,0.0,0.0,0.0,0.0,0.0,0.0,1.0
1.4349859398974845,0.0,0.25691476454252443,-0.42286806583111664,0.5552702317032006,-5.175799031810944,-0.8930264048747453,0.0,0.0,0.0,0.0,0.0,0.0,0.0,0.0,0.0,1.0,0.0
2.0981093349160527,0.0,0.8730389557256899,-0.7113676917171251,1.1481834578728516,0.26228396432435797,-2.1293161814488824,0.0,0.0,0.0,0.0,0.0,0.0,0.0,0.0,0.0,1.0,0.0
1.8136978337753105,0.0,0.723041926003834,-0.6835704833118375,0.7978690186461141,0.26228396432435797,0.4339878131347325,0.0,0.0,0.0,0.0,0.0,0.0,0.0,0.0,0.0,1.0,0.0
0.20493965298059566,0.0,0.0,0.4004139233125878,0.3832626392825854,-0.6073228981671882,-0.5572105619498986,0.0,0.0,0.0,0.0,1.0,0.0,0.0,0.0,0.0,0.0,0.0
-0.12346240099026898,1.1060177413257657,-0.42987453464084446,0.12321941354679587,-0.0021382046560355383,0.26228396432435797,0.033175355450236615,0.0,0.0,0.0,0.0,1.0,0.0,0.0,0.0,0.0,0.0,1.0
1.7092328277602717,0.0,0.5118210365776537,-0.6881278856129264,0.2612656947673869,-5.043166149792913,-3.197698036560595,0.0,0.0,0.0,0.0,0.0,0.0,0.0,0.0,0.0,1.0,0.0
0.6946403432368602,0.0,1.7085866447950464,-0.7376067465303355,1.1276668490242674,-4.842991957413646,-0.1279620853080569,0.0,0.0,0.0,0.0,0.0,1.0,0.0,0.0,0.0,0.0,0.0
-0.0990738660175766,0.0,-0.22391149479599767,0.21235003507629038,-0.21417221300547148,0.26228396432435797,-0.5071090047393367,0.0,0.0,0.0,0.0,0.0,1.0,0.0,0.0,0.0,0.0,0.0
2.109198421856806,0.0,0.8370683711185417,-0.5898177224363584,0.7219523945823424,0.26228396432435797,-1.1855111712931612,0.0,0.0,0.0,0.0,0.0,0.0,0.0,0.0,0.0,1.0,0.0
-0.017722535243591277,1.0298804755315754,-0.6286289945748216,0.9208887367453218,-1.151840000542055,-0.5995650093851999,0.28909952606635037,0.0,0.0,0.0,0.0,0.0,0.0,0.0,1.0,0.0,0.0,1.0
-0.07218717935755484,0.0,-0.5256745728127408,0.624202807885852,-0.11883435212511254,-0.07645497665754761,-0.2105619498984427,0.0,0.0,0.0,1.0,0.0,0.0,0.0,0.0,0.0,0.0,0.0
0.4033712558416339,0.0,0.37173111884705834,-0.5064372621291755,-0.9071951572697113,-1.1333480347987739,0.9729180771834794,0.0,0.0,0.0,0.0,0.0,1.0,0.0,0.0,0.0,0.0,0.0
0.32128666252745236,0.0,0.47432542718725923,-0.30531201981724976,0.5654805435281084,-3.818316979287988,-0.6330399458361545,0.0,0.0,0.0,0.0,1.0,0.0,0.0,0.0,0.0,0.0,0.0
2.4569650774896608,0.0,0.8370683711185417,-0.6377086706608092,1.109432342651127,-2.270369403006598,-0.9390656736628302,0.0,0.0,0.0,0.0,0.0,0.0,0.0,0.0,0.0,1.0,0.0
1.734107765342451,0.0,0.32816967533296343,-0.6791867895806807,0.8057142691658521,-5.174158389716952,0.5856465809072444,0.0,0.0,0.0,0.0,0.0,0.0,0.0,0.0,0.0,1.0,0.0
-0.10636620065065644,0.0,-0.2881199358318767,-0.20857681948727474,-0.1306556469543462,0.26228396432435797,-0.10900473933649259,0.0,0.0,0.0,1.0,0.0,0.0,0.0,0.0,0.0,0.0,0.0
0.028884871688483332,0.0,-0.19488144551255995,0.05207545088880801,-1.0656634932941145,-0.5815637852193289,1.9790115098171965,0.0,0.0,0.0,0.0,0.0,0.0,0.0,0.0,1.0,0.0,0.0
1.5815283640450057,0.0,0.9648589288324475,-0.5149872251573423,0.3996409844157162,-2.5761465044142486,0.2525389302640482,0.0,0.0,0.0,0.0,0.0,0.0,0.0,0.0,0.0,1.0,0.0
0.16351576164683085,0.0,-0.17750970463841068,0.18622008936687717,-1.4990426381116444,-0.22826646792109187,2.8605280974949214,0.0,0.0,0.0,0.0,0.0,0.0,0.0,0.0,1.0,0.0,0.0
2.598688770377856,0.0,0.32816967533296343,-0.7409715783452612,-0.05463843175421637,-5.175799977069706,-0.6330399458361545,0.0,0.0,0.0,0.0,0.0,0.0,0.0,0.0,0.0,1.0,0.0
0.6468499959118684,0.0,1.7085866447950464,-0.68494665976429,0.519913160645601,-4.865924826506371,-0.8077183480027078,0.0,0.0,0.0,0.0,0.0,1.0,0.0,0.0,0.0,0.0,0.0
0.06928063658833403,0.0,-0.28226322365730466,0.13758076928477714,0.9510404533101485,0.18608657676020618,-1.1110358835477316,1.0,0.0,0.0,0.0,1.0,0.0,0.0,0.0,0.0,0.0,0.0
-0.12179632282548085,0.0,-0.4537260289830155,0.6541435991241772,-0.1741695057881288,-0.9376583908419971,-0.10900473933649259,0.0,0.0,0.0,0.0,1.0,0.0,0.0,0.0,0.0,0.0,0.0
0.3982954358273656,0.0,0.37173111884705834,-0.2738616608751884,0.3530648567477733,-3.2335881073893447,-0.47325660121868635,0.0,0.0,0.0,0.0,0.0,1.0,0.0,0.0,0.0,0.0,0.0
0.47463482368339827,0.0,0.37173111884705834,-0.4637734234636153,-1.7967545368990532,-0.706531567822321,1.712254570074475,0.0,0.0,0.0,0.0,0.0,1.0,0.0,0.0,0.0,0.0,0.0
0.14779892416841744,1.0,0.5969244896726373,-0.40189145669714466,-0.1141371787804572,0.07545391084014888,1.32498307379824,0.0,0.0,0.0,0.0,0.0,1.0,0.0,0.0,0.0,0.0,1.0
-0.01447451884767757,0.0,-0.5256745728127408,0.6950220157073678,0.4878567471744395,0.26228396432435797,-0.8429248476641834,0.0,0.0,0.0,1.0,0.0,0.0,0.0,0.0,0.0,0.0,0.0
1.742632074709388,0.0,0.8370683711185417,-0.6548389292799346,0.7543930444479979,0.26228396432435797,0.16046039268788087,0.0,0.0,0.0,0.0,0.0,0.0,0.0,0.0,0.0,1.0,0.0
0.06594443547558758,0.0,0.0339431281920292,0.11954684862112949,-0.15101389568852416,0.20666777098066383,0.46377792823290476,0.0,0.0,0.0,0.0,1.0,0.0,0.0,0.0,0.0,0.0,0.0
0.37233258049338414,0.0,1.7085866447950464,-0.6362782739561296,0.15176784111361824,-1.8394856186015933,-1.6418415707515235,1.0,0.0,0.0,0.0,0.0,1.0,0.0,0.0,0.0,0.0,0.0
0.13490216689414436,0.0,-0.17750970463841068,0.2688810409014446,-0.8764918743970014,-0.04641248742152396,1.5348679756262689,0.0,0.0,0.0,0.0,0.0,0.0,0.0,0.0,1.0,0.0,0.0
-0.06808977192947975,0.0,-0.5921531432685573,0.670867857268392,-0.5810293561277037,0.26228396432435797,0.6140825998645902,0.0,0.0,0.0,0.0,1.0,0.0,0.0,0.0,0.0,0.0,0.0
0.8657003065108018,0.0,1.7085866447950464,-0.7924335083454788,1.0846953359487357,0.26228396432435797,-1.1123899796885581,1.0,0.0,0.0,0.0,0.0,1.0,0.0,0.0,0.0,0.0,0.0
0.7454818811862406,0.0,0.0339431281920292,-0.23797640485560828,0.20001291413298597,-1.599105304213852,-1.694651320243737,0.0,0.0,0.0,0.0,1.0,0.0,0.0,0.0,0.0,0.0,0.0
-0.08139658889431302,0.0,-0.10262962439739381,-0.14355138331491893,0.23234770697115584,0.10657487184747856,-0.03994583615436646,0.0,0.0,0.0,0.0,0.0,1.0,0.0,0.0,0.0,0.0,0.0
1.7470709889254696,0.0,0.4204789573914344,-0.47264010889249736,0.2420620876317909,-0.3391675458630045,0.006093432633717224,0.0,0.0,0.0,0.0,0.0,0.0,0.0,0.0,0.0,1.0,0.0
1.2529990766633374,0.0,0.5118210365776537,-0.8626797995556308,-1.3350897256916543,0.041773370382908834,1.071767095463778,1.0,0.0,0.0,0.0,0.0,0.0,0.0,0.0,0.0,1.0,0.0
1.9892412447405547,0.0,0.6602112702905092,-0.8774659885561522,0.9188251410189134,-0.8734521546256319,-2.8253215978334456,0.0,0.0,0.0,0.0,0.0,0.0,0.0,0.0,0.0,1.0,0.0
0.7089459529912455,0.0,0.37173111884705834,-0.33899231613298325,0.07367752907704533,-2.2531214412987817,0.240352064996615,0.0,0.0,0.0,0.0,0.0,1.0,0.0,0.0,0.0,0.0,0.0
-0.08343458415100438,1.2197551972982583,-0.5316971746025084,0.4248630867128562,-0.6191706038072587,-0.08262478736850631,1.411645226811104,1.0,0.0,0.0,0.0,1.0,0.0,0.0,0.0,0.0,0.0,1.0
-0.1420985835750794,1.4816312242027347,-0.8569999171914731,0.7409295586449489,-1.2889421588347585,-0.20968271304602404,1.6648612051455647,0.0,0.0,0.0,1.0,0.0,0.0,0.0,0.0,0.0,0.0,1.0
-0.13187341621483098,0.0,-0.13135359023210647,0.6030361657039015,-0.005355208379189769,0.1664719064429737,-0.44617467840216696,0.0,0.0,0.0,0.0,0.0,1.0,0.0,0.0,0.0,0.0,0.0
1.1885638437257695,0.0,0.8370683711185417,-0.6027000979359177,0.6978149966191018,0.26228396432435797,0.24441435341909315,0.0,0.0,0.0,0.0,0.0,0.0,0.0,0.0,0.0,1.0,0.0
-0.1040523596802955,1.3502524445992472,-0.7513293416403926,1.364191728226713,-0.34537203954172196,0.05432960054650848,-0.4610697359512519,0.0,0.0,0.0,0.0,1.0,0.0,0.0,0.0,0.0,0.0,1.0
0.0024501461268379284,0.0,0.47432542718725923,-0.6067889669013744,0.8112878150151169,0.041325326335894925,-0.49763033175355403,0.0,0.0,0.0,0.0,1.0,0.0,0.0,0.0,0.0,0.0,0.0
1.3386367645330552,0.0,0.9394502377356261,-0.3710329042125334,0.6941535586394797,-2.954053639542915,0.26066350710900454,0.0,0.0,0.0,0.0,0.0,0.0,0.0,0.0,0.0,1.0,0.0
1.472796283319624,0.0,0.7646788564678413,-0.4649851716144251,0.955999415459732,-5.165716276908209,0.2105619498984427,0.0,0.0,0.0,0.0,0.0,0.0,0.0,0.0,0.0,1.0,0.0
-0.04680858799469069,1.0298804755315754,-0.6286289945748216,0.9874178830433329,-0.12236893422422357,-0.695270924021607,0.28232904536222053,0.0,0.0,0.0,0.0,0.0,0.0,0.0,1.0,0.0,0.0,1.0
0.08755124553017454,0.0,-0.19488144551255995,0.0026132126700178894,-0.5657577497063582,-0.800256921559902,1.2708192281652,0.0,0.0,0.0,0.0,0.0,0.0,0.0,0.0,1.0,0.0,0.0
0.05150915130035594,0.0,-0.2588756422419377,0.4095534716882074,-0.606907150449092,0.26228396432435797,0.25795531482735284,0.0,0.0,0.0,0.0,0.0,1.0,0.0,0.0,0.0,0.0,0.0
-0.04244759132574111,1.0701502796142182,-0.4956238166036114,0.8258043620114786,0.3538690204137594,-0.5581700015352379,-0.3500338524035202,0.0,0.0,0.0,0.0,0.0,0.0,0.0,0.0,1.0,0.0,1.0
1.325545200904583,0.0,0.7646788564678413,-0.4797035372262163,0.8223603824214026,-5.128226942594443,-0.04265402843601936,0.0,0.0,0.0,0.0,0.0,0.0,0.0,0.0,0.0,1.0,0.0
0.031709417746703356,0.0,-0.2588756422419377,0.5623075306114971,-0.6016882503636198,0.26228396432435797,0.11848341232227534,0.0,0.0,0.0,0.0,0.0,1.0,0.0,0.0,0.0,0.0,0.0
1.127314797916395,0.0,0.8730389557256899,-0.37824951917516325,0.6600773173790304,-0.5458238745778008,-0.2349356804333104,0.0,0.0,0.0,0.0,0.0,0.0,0.0,0.0,0.0,1.0,0.0
1.1677948723470641,0.0,0.5118210365776537,-0.7724350550963951,-1.1145471266214138,-0.6702656115157792,0.6208530805687201,1.0,0.0,0.0,0.0,0.0,0.0,0.0,0.0,0.0,1.0,0.0
-0.11630658342456021,0.0,-0.5921531432685573,0.670867857268392,-0.4031811633921265,0.07770470545760581,0.43940419769803707,0.0,0.0,0.0,0.0,1.0,0.0,0.0,0.0,0.0,0.0,0.0
-0.11440721539135941,0.0,-0.28226322365730466,0.06619544352956969,-0.7199897784079033,0.26228396432435797,1.0595802301963433,0.0,0.0,1.0,0.0,0.0,0.0,0.0,0.0,0.0,0.0,0.0
1.6874717846436509,0.0,0.23487248796008195,-0.12745649848357138,0.3793309712026008,0.26228396432435797,-0.6926201760324979,0.0,0.0,0.0,0.0,0.0,0.0,0.0,0.0,0.0,1.0,0.0
-0.02699488649618122,0.0,-0.28226322365730466,0.21537171219967488,-0.12828236406106683,0.11290507086398921,-0.057549085985104304,0.0,0.0,0.0,0.0,1.0,0.0,0.0,0.0,0.0,0.0,0.0
1.395208756780471,0.0,0.9394502377356261,-0.2634766693715351,0.5262262791862009,-0.6484069141659647,1.5822613405551789,0.0,0.0,0.0,0.0,0.0,0.0,0.0,0.0,0.0,1.0,0.0
1.7014070408137347,0.0,0.8370683711185417,-0.551278411479159,0.49863446966688674,0.26228396432435797,-0.4570074475287749,0.0,0.0,0.0,0.0,0.0,0.0,0.0,0.0,0.0,1.0,0.0
0.013267646406726851,0.0,0.0339431281920292,0.017420501901754353,-0.3299354445106979,0.10205656693276717,0.05619498984427906,0.0,0.0,0.0,0.0,1.0,0.0,0.0,0.0,0.0,0.0,0.0
0.3140657536559142,0.0,0.0,0.3456870502105086,0.5634451893004575,-2.900284602121204,-0.240352064996615,0.0,0.0,0.0,0.0,1.0,0.0,0.0,0.0,0.0,0.0,0.0
1.396648976159211,0.0,0.7073766643870049,-0.9074772223136371,-0.200275383541038,-1.6866216268467418,-0.47325660121868635,1.0,0.0,0.0,0.0,0.0,0.0,0.0,0.0,0.0,1.0,0.0
-0.13138733881366826,0.0,-0.5618727524776533,1.0153730207467326,-0.008580571584385169,-0.2399102925844006,-0.28503723764387223,0.0,0.0,0.0,1.0,0.0,0.0,0.0,0.0,0.0,0.0,0.0
0.20143460185076636,1.0,0.5969244896726373,-0.49844816291022725,-0.34537203954172196,-0.3404417651251516,1.5010155721056195,0.0,0.0,0.0,0.0,0.0,1.0,0.0,0.0,0.0,0.0,1.0
-0.07259018761056245,0.0,-0.5437548746491755,0.08816657831481285,-0.5177896611159966,-1.3338004027538553,0.5423155044008124,0.0,0.0,1.0,0.0,0.0,0.0,0.0,0.0,0.0,0.0,0.0
0.4397277840414116,0.0,0.37173111884705834,-0.5632117253923642,-0.554008390811663,-1.479560218453981,-0.21462423832092087,0.0,0.0,0.0,0.0,0.0,1.0,0.0,0.0,0.0,0.0,0.0
1.0648011316612866,0.0,0.9394502377356261,-0.2700159823337286,0.6198592070108232,-5.170174742968603,0.4069058903182131,0.0,0.0,0.0,0.0,0.0,0.0,0.0,0.0,0.0,1.0,0.0
-0.13773298342007642,1.4533795438753738,-0.7266507243275308,0.7288670020493994,-1.2889421588347585,0.19248366944612766,1.8761002031144212,0.0,0.0,1.0,0.0,0.0,0.0,0.0,0.0,0.0,0.0,1.0
-0.09034131375701843,0.8548761714466375,-0.0797184003191944,0.5695580275665839,0.4519827655492816,-0.027350877081958675,-0.454299255247122,0.0,0.0,0.0,0.0,0.0,1.0,0.0,0.0,0.0,0.0,1.0
-0.1209847226684793,1.4433952268581207,-0.794685743764933,0.9068958243781055,-0.23466764792044773,-1.4647746141002627,1.194989844278944,0.0,0.0,1.0,0.0,0.0,0.0,0.0,0.0,0.0,0.0,1.0
0.678191988460623,0.0,0.37173111884705834,-0.407083241593729,0.051312481204745936,-3.124198404561711,0.1279620853080569,0.0,0.0,0.0,0.0,0.0,1.0,0.0,0.0,0.0,0.0,0.0
-0.031242283520732255,1.0298804755315754,-0.6286289945748216,0.9874178830433329,-0.5324789044485567,0.11788254226026477,0.6682464454976302,0.0,0.0,0.0,0.0,0.0,0.0,0.0,1.0,0.0,0.0,1.0
-0.1355502270146081,0.0,-0.11410785613323361,0.7282985954561935,-0.2295119745679143,-0.05128072403023763,0.4272173324306026,0.0,1.0,0.0,0.0,0.0,0.0,0.0,0.0,0.0,0.0,0.0
1.3879207870527834,0.0,0.8730389557256899,-0.5774005970638262,0.7848717629756896,0.26228396432435797,-1.129993229519296,0.0,0.0,0.0,0.0,0.0,0.0,0.0,0.0,0.0,1.0,0.0
1.4762700669334736,0.0,1.0757856691703143,-0.5345694953997621,0.895142787410411,0.26228396432435797,-0.8090724441435342,0.0,0.0,0.0,0.0,0.0,0.0,0.0,0.0,0.0,1.0,0.0
-0.11536284643550311,1.158263930303972,-0.38236642936026716,0.23585617795477534,-0.4731708080653089,0.11516714937968883,1.3696682464454972,0.0,0.0,0.0,0.0,0.0,0.0,0.0,1.0,0.0,0.0,1.0
1.4133336544886503,0.0,0.25691476454252443,-0.4275747140287548,0.5876518918720757,-5.146741879380488,0.16723087339201073,0.0,0.0,0.0,0.0,0.0,0.0,0.0,0.0,0.0,1.0,0.0
1.4484175885711388,0.0,1.2248100800008221,-0.39757325159684814,0.5849854535211072,-0.5725445131226817,-0.01692620176032522,1.0,0.0,0.0,0.0,0.0,0.0,0.0,0.0,0.0,1.0,0.0
-0.12190948982669617,0.0,0.1961638863311412,-0.32881882462333234,-0.1754002709608927,0.26228396432435797,-0.14150304671631658,0.0,1.0,0.0,0.0,0.0,0.0,0.0,0.0,0.0,0.0,0.0
0.11203618886334536,0.0,-0.19488144551255995,0.13943642983292584,-0.7686715698654947,-0.6374496288831438,1.607989167230873,0.0,0.0,0.0,0.0,0.0,0.0,0.0,0.0,1.0,0.0,0.0
1.8513195558678064,0.0,0.8730389557256899,-0.7337559032615202,1.251051372193963,0.26228396432435797,-1.283006093432633,0.0,0.0,0.0,0.0,0.0,0.0,0.0,0.0,0.0,1.0,0.0
-0.022328842575041825,1.0298804755315754,-0.6286289945748216,1.0066654496004357,0.18720722055492917,-0.7840054129450822,-0.8551117129316179,0.0,0.0,0.0,0.0,0.0,0.0,0.0,1.0,0.0,0.0,1.0
0.27614287876714266,0.0,0.0,0.23327953645262736,0.3038359362502843,0.0633113450056955,-0.3513879485443467,0.0,0.0,0.0,0.0,1.0,0.0,0.0,0.0,0.0,0.0,0.0
-0.10911901491334287,1.4001144561210013,-0.819557988151472,0.9876141567210208,-0.8255626144297257,-0.9504182286997105,0.16316858496953257,0.0,0.0,0.0,0.0,0.0,1.0,0.0,0.0,0.0,0.0,1.0
-0.05587374128196886,1.0701502796142182,-0.4956238166036114,0.8934189013546024,0.24557582409022058,0.18015122451163124,-0.6547054840893706,0.0,0.0,0.0,0.0,0.0,0.0,0.0,0.0,1.0,0.0,1.0
-0.14513439871551215,1.3221619393763289,-0.8883248367883598,0.906623125213406,-0.2847451506437698,0.16237291020915168,0.30941096817874114,0.0,1.0,0.0,0.0,0.0,0.0,0.0,0.0,0.0,0.0,1.0
-0.12344238438750492,1.3071612166792943,-0.7884787547209718,0.9082104136886768,-0.12354936852625353,-0.8144916047116301,0.46106973595125306,0.0,0.0,0.0,0.0,0.0,0.0,1.0,0.0,0.0,0.0,1.0
0.25075907828791183,1.0,0.5969244896726373,-0.3930137312979108,0.38169146619300504,-0.30723520644146285,1.069058903182126,0.0,0.0,0.0,0.0,0.0,1.0,0.0,0.0,0.0,0.0,1.0
-0.13299539015754755,1.1060177413257657,-0.42987453464084446,0.13783786106116905,-0.591315823080568,0.2360344744046936,-0.018280297901150468,0.0,0.0,0.0,0.0,1.0,0.0,0.0,0.0,0.0,0.0,1.0
1.7518018730998812,0.0,0.32816967533296343,-0.7122863065313202,0.72254985624251,-4.7994632521683105,0.8496953283683145,0.0,0.0,0.0,0.0,0.0,0.0,0.0,0.0,0.0,1.0,0.0
-0.12900910998511475,1.1770381108229664,-0.5866949051205332,0.7951471187067037,-0.339736494900229,-1.1773584040397405,-0.262017603249831,0.0,1.0,0.0,0.0,0.0,0.0,0.0,0.0,0.0,0.0,1.0
-0.011559664815736162,0.8548761714466375,-0.0797184003191944,0.7428538297872924,0.7619385179888527,0.06286200017925266,0.20649966147596455,0.0,0.0,0.0,0.0,0.0,1.0,0.0,0.0,0.0,0.0,1.0
0.9460177372895902,0.0,1.2248100800008221,-0.24336451600370176,0.2560577434555115,0.0100294736465574,0.23087339201083226,1.0,0.0,0.0,0.0,0.0,0.0,0.0,0.0,0.0,1.0,0.0
0.7640833655600155,0.0,1.7085866447950464,-0.6801362464596312,0.8184962093982,-1.5507868539645318,-0.8496953283683133,0.0,0.0,0.0,0.0,0.0,1.0,0.0,0.0,0.0,0.0,0.0
0.1261711522280278,0.0,0.0339431281920292,0.03441310629048316,-0.9183473129300854,0.26228396432435797,0.5558564658090721,0.0,0.0,0.0,0.0,1.0,0.0,0.0,0.0,0.0,0.0,0.0
-0.07181537878175297,0.0,0.05086526047534356,-0.3023678341320582,0.48857818083324567,0.17285252466371376,-0.42180094786729805,0.0,0.0,0.0,0.0,0.0,0.0,1.0,0.0,0.0,0.0,0.0
-0.06889128591541063,0.0,-0.10262962439739381,-0.27114134546975127,0.16587818528504245,0.18608657676020618,0.33784698713608696,0.0,0.0,0.0,0.0,0.0,1.0,0.0,0.0,0.0,0.0,0.0
-0.09209311136986578,0.0,-0.2881199358318767,-0.17106788675394802,-0.8571476920943376,0.13510280955988865,1.2599864590385919,0.0,0.0,0.0,1.0,0.0,0.0,0.0,0.0,0.0,0.0,0.0
-0.11118096224296044,0.0,-0.13135359023210647,0.43060787945931234,-0.14980706372662317,0.26228396432435797,-0.3473256601218685,0.0,0.0,0.0,0.0,0.0,1.0,0.0,0.0,0.0,0.0,0.0
-0.12168982951573967,0.0,0.06775460849734853,-0.03054728833463222,0.2767597089583992,0.07545391084014888,-0.4556533513879485,1.0,0.0,0.0,0.0,0.0,1.0,0.0,0.0,0.0,0.0,0.0
0.003668456818360992,0.0,-0.28226322365730466,0.32139522917708807,0.6153090128471609,-0.07469120798901285,-0.5978334461746777,0.0,0.0,0.0,0.0,1.0,0.0,0.0,0.0,0.0,0.0,0.0
-0.11505953857540094,1.4001144561210013,-0.819557988151472,0.9876141567210208,-0.8743275729331478,-0.8200185029291618,1.1056194989844284,0.0,0.0,0.0,0.0,0.0,1.0,0.0,0.0,0.0,0.0,1.0
0.27180842860961363,0.0,0.0,0.34598027813601534,0.5100284826660706,-2.973404506324412,-0.8469871360866617,0.0,0.0,0.0,0.0,1.0,0.0,0.0,0.0,0.0,0.0,0.0
-0.08639525854438025,1.1677851401049177,-0.6164534119476605,0.5779605422843835,-0.8486461069741258,-0.030457321191616236,1.0257278266756942,0.0,0.0,0.0,0.0,0.0,0.0,0.0,1.0,0.0,0.0,1.0
-0.11560031005403573,1.158263930303972,-0.38236642936026716,0.05052100841418486,-0.19400971362295352,0.10070160598620126,0.530128639133378,0.0,0.0,0.0,0.0,0.0,0.0,0.0,1.0,0.0,0.0,1.0
-0.05627346727017119,0.0,-0.10262962439739381,-0.14355138331491893,-0.13422410147267208,0.16419441296596693,0.6804333107650647,0.0,0.0,0.0,0.0,0.0,1.0,0.0,0.0,0.0,0.0,0.0
-0.0845630785034282,1.127923106079307,-0.6469243123997224,0.8622896024409862,0.0635615270763911,-0.7736775968456493,0.18077183480027043,0.0,0.0,0.0,0.0,0.0,0.0,1.0,0.0,0.0,0.0,1.0
0.2660071758967348,1.0,0.5969244896726373,-0.41622864014746636,0.06660499384445884,0.10341177271842031,1.4928909952606633,0.0,0.0,0.0,0.0,0.0,1.0,0.0,0.0,0.0,0.0,1.0
-0.06880492465479719,0.8548761714466375,-0.7636948979604115,0.7700214596117617,-0.21163391646641475,0.26228396432435797,-0.4597156398104266,0.0,0.0,0.0,0.0,1.0,0.0,0.0,0.0,0.0,0.0,1.0
1.8131161231888508,0.0,0.7646788564678413,-0.4915597516749907,0.971247486681762,-5.1757872318581715,-0.44482058226134047,0.0,0.0,0.0,0.0,0.0,0.0,0.0,0.0,0.0,1.0,0.0
-0.09678410621457363,1.2575507242285282,-0.5921531432685573,0.3730919921678889,-0.7411749200334099,0.26228396432435797,1.300609343263371,0.0,0.0,0.0,0.0,0.0,1.0,0.0,0.0,0.0,0.0,1.0
-0.060131093244235365,0.0,0.05086526047534356,-0.34144555367071683,-0.017222741049050697,-0.1050561041942052,0.03994583615436646,0.0,0.0,0.0,0.0,0.0,0.0,1.0,0.0,0.0,0.0,0.0
1.0748059032586075,0.0,0.2514094181366588,-0.01758184538008325,0.08670626838264817,-0.1278555770896494,-0.432633716993906,0.0,0.0,0.0,0.0,0.0,0.0,0.0,0.0,0.0,1.0,0.0
0.004540546840023869,0.0,0.0339431281920292,0.21526391304762646,0.09168113105457382,0.2401731897206119,-0.703452945159106,0.0,0.0,0.0,0.0,1.0,0.0,0.0,0.0,0.0,0.0,0.0
-0.11861521745218215,1.1770381108229664,-0.5866949051205332,0.7951471187067037,0.18075448710262743,0.13056734409014267,-0.7020988490182795,0.0,1.0,0.0,0.0,0.0,0.0,0.0,0.0,0.0,0.0,1.0
1.968711807837488,0.0,0.8730389557256899,-0.7264151825177292,1.2440078229173968,-3.374241603904623,-2.5138794854434656,0.0,0.0,0.0,0.0,0.0,0.0,0.0,0.0,0.0,1.0,0.0
0.9044788716733864,0.0,0.23487248796008195,-0.10232115001652242,0.34742107565346886,0.10115323243229493,0.28774542992552515,0.0,0.0,0.0,0.0,0.0,0.0,0.0,0.0,0.0,1.0,0.0
-0.009075751816922844,0.0,-0.5256745728127408,0.6179418314623948,0.662587382086877,0.07275385318555075,-0.26337169939065624,0.0,0.0,0.0,1.0,0.0,0.0,0.0,0.0,0.0,0.0,0.0
1.1836821130944426,0.0,-0.034075805251800775,0.06694874220552983,0.013822922804822581,0.26228396432435797,0.02369668246445507,0.0,0.0,0.0,0.0,0.0,0.0,0.0,0.0,0.0,1.0,0.0
-0.14282542343326027,1.5158766641550094,-0.7513293416403926,1.06060952643335,-1.05811801975326,0.07995617890326091,0.8009478672985779,0.0,0.0,0.0,0.0,0.0,1.0,0.0,0.0,0.0,0.0,1.0
-0.054869383691892135,0.0,0.05086526047534356,-0.1543191864950597,-0.033590801208883116,0.15281719360403426,-0.2755585646580907,0.0,0.0,0.0,0.0,0.0,0.0,1.0,0.0,0.0,0.0,0.0
-0.12568783052969304,0.0,-0.13135359023210647,0.6756269996669926,-0.31468847186071863,0.26228396432435797,-0.2538930264048747,0.0,0.0,0.0,0.0,0.0,1.0,0.0,0.0,0.0,0.0,0.0
-0.12317555135370531,1.0152799056622093,-0.5800283628106341,0.8251564665606765,-0.13303347636935672,0.1283006338193312,-0.14827352742044642,0.0,0.0,0.0,0.0,1.0,0.0,0.0,0.0,0.0,0.0,1.0
-0.12853174956377975,1.1677851401049177,-0.6164534119476605,0.5779605422843835,-0.1247309265165082,0.2094161240035568,0.49492213947190233,0.0,0.0,0.0,0.0,0.0,0.0,0.0,1.0,0.0,0.0,1.0
-0.09628983866958517,0.0,-0.16017251149844086,-0.17059979159456148,-0.10829059908204679,0.09483293717787089,-0.49492213947190233,0.0,0.0,0.0,0.0,0.0,1.0,0.0,0.0,0.0,0.0,0.0
0.1861584073907513,0.0,0.0,0.35668765784839035,-0.252883039868813,0.2034626068423866,-0.5287745429925528,0.0,0.0,0.0,0.0,1.0,0.0,0.0,0.0,0.0,0.0,0.0
-0.09233552511020297,1.0,-0.42987453464084446,0.20783173658647808,0.2886782998843368,0.0100294736465574,-0.4123222748815165,1.0,0.0,0.0,1.0,0.0,0.0,0.0,0.0,0.0,0.0,1.0
0.6658455274835684,0.0,0.37173111884705834,-0.27537967724065904,0.10550559540275452,0.18015122451163124,-0.5016926201760321,0.0,0.0,0.0,0.0,0.0,1.0,0.0,0.0,0.0,0.0,0.0
0.24578832828819797,0.0,0.0,0.3460047108845159,0.2144880236644404,-0.14010228697571236,0.3662830060934328,0.0,0.0,0.0,0.0,1.0,0.0,0.0,0.0,0.0,0.0,0.0
-0.0979602045860156,0.0,-0.5437548746491755,0.08816657831481285,-1.1572602125396794,0.10838295574746222,2.160460392687881,0.0,0.0,1.0,0.0,0.0,0.0,0.0,0.0,0.0,0.0,0.0
-0.11167280392199842,0.0,0.1961638863311412,-0.3783757377520623,-0.6935395049881502,0.26228396432435797,1.017603249830738,0.0,1.0,0.0,0.0,0.0,0.0,0.0,0.0,0.0,0.0,0.0
2.047044767962892,0.0,0.8730389557256899,-0.6839937708860016,1.2962615352469755,0.26228396432435797,-1.658090724441435,0.0,0.0,0.0,0.0,0.0,0.0,0.0,0.0,0.0,1.0,0.0
-0.058640183081044094,0.0,0.05086526047534356,-0.15012924170976458,0.28528465026506034,0.017171131332260715,-0.6682464454976302,0.0,0.0,0.0,0.0,0.0,0.0,1.0,0.0,0.0,0.0,0.0
-0.14277740115585294,1.3502524445992472,-0.8133332711829964,0.7195956066950239,-0.9547228560592825,-0.6146639352880943,0.5138794854434666,0.0,1.0,0.0,0.0,0.0,0.0,0.0,0.0,0.0,0.0,1.0
0.25259213107258266,0.0,0.0339431281920292,-0.1929629892023932,-0.631556431493471,0.26228396432435797,-0.13879485443466488,0.0,0.0,0.0,0.0,1.0,0.0,0.0,0.0,0.0,0.0,0.0
-0.12843766079522842,1.0701502796142182,-0.6591425565076348,0.5591464165217435,-0.38555398087069276,-0.021134029746266995,-0.07786052809749505,0.0,0.0,0.0,0.0,1.0,0.0,0.0,0.0,0.0,0.0,1.0
0.009039128230264135,0.0,0.0339431281920292,-0.12387134009045274,0.11333670387181288,0.23465539737246507,-0.272850372376439,0.0,0.0,0.0,0.0,1.0,0.0,0.0,0.0,0.0,0.0,0.0
0.1389180958395289,0.0,-0.17750970463841068,0.2688810409014446,-0.12001142814981902,-0.11778011220288952,0.5504400812457687,1.0,0.0,0.0,0.0,0.0,0.0,0.0,0.0,1.0,0.0,0.0
0.25017428831724176,0.0,0.0,0.2970326615616298,0.37222243177633185,-0.19191762187134223,-0.31753554502369624,0.0,0.0,0.0,0.0,1.0,0.0,0.0,0.0,0.0,0.0,0.0
0.14639228664895076,0.0,-0.19488144551255995,0.13943642983292584,0.10648719021471385,-0.5470595313784948,-0.32972241029113064,0.0,0.0,0.0,0.0,0.0,0.0,0.0,0.0,1.0,0.0,0.0
-0.1054943573205563,0.0,-0.16017251149844086,0.10574971945002602,-0.05463843175421637,0.09483293717787089,-0.27691266079891713,0.0,0.0,0.0,0.0,0.0,1.0,0.0,0.0,0.0,0.0,0.0
-0.08432335680850725,1.0701502796142182,-0.4956238166036114,0.8450121893614858,-0.15827963297224895,0.26228396432435797,-0.4028436018957349,0.0,0.0,0.0,0.0,0.0,0.0,0.0,0.0,1.0,0.0,1.0
-0.10832205795333254,0.0,-0.2881199358318767,-0.15659722077193208,-0.37828256830571316,0.2007163925362647,2.0859851049424503,0.0,0.0,0.0,1.0,0.0,0.0,0.0,0.0,0.0,0.0,0.0
-0.09774154410901273,1.0298804755315754,-0.6286289945748216,1.1412841589476128,-1.1681721647961913,-0.2204931878916875,0.9918754231550437,0.0,0.0,0.0,0.0,0.0,0.0,0.0,1.0,0.0,0.0,1.0
1.58571838806775,0.0,1.0757856691703143,-0.39650654572097266,0.9152503243017511,-5.1030188905170535,0.5477318889641158,0.0,0.0,0.0,0.0,0.0,0.0,0.0,0.0,0.0,1.0,0.0
1.1171472076791564,0.0,1.2248100800008221,-0.16313254283371012,0.08969357806778067,0.19476964645192865,-0.13202437373053502,1.0,0.0,0.0,0.0,0.0,0.0,0.0,0.0,0.0,1.0,0.0
-0.10625553314466318,0.0,-0.4656762923265167,0.6902185301492257,-0.7528846915511708,0.26228396432435797,1.249153689911984,0.0,0.0,0.0,1.0,0.0,0.0,0.0,0.0,0.0,0.0,0.0
-0.1081327515531292,0.0,-0.4537260289830155,0.5198231572888011,-0.07037883476805291,-0.37644656215798383,-0.4827352742044679,0.0,0.0,0.0,0.0,1.0,0.0,0.0,0.0,0.0,0.0,0.0
-0.12915036386919276,1.4533795438753738,-0.7266507243275308,0.7288670020493994,-0.3972775775897795,0.11924060639468344,-0.0846310088016249,0.0,0.0,1.0,0.0,0.0,0.0,0.0,0.0,0.0,0.0,1.0
-0.10629459025480116,0.0,0.24038828424909756,-0.3409545447617631,0.3482289029355034,-0.08702857738335654,-0.4800270819228162,0.0,0.0,1.0,0.0,0.0,0.0,0.0,0.0,0.0,0.0,0.0
0.18071082941623207,0.0,-0.17750970463841068,0.02032488494657958,-0.37249595374562894,0.26228396432435797,0.5328368314150309,0.0,0.0,0.0,0.0,0.0,0.0,0.0,0.0,1.0,0.0,0.0
-0.09989899541473016,1.4433952268581207,-0.7513293416403926,0.49866137888213224,-1.159979220363082,0.26228396432435797,1.250507786052809,0.0,0.0,0.0,0.0,1.0,0.0,0.0,0.0,0.0,0.0,1.0
-0.0024501461268379284,0.0,-0.2588756422419377,0.5623075306114971,0.21358825807590381,0.26228396432435797,-0.19160460392687842,0.0,0.0,0.0,0.0,0.0,1.0,0.0,0.0,0.0,0.0,0.0
-0.13181939084482797,1.3221619393763289,-0.31158621041551926,0.7642143876089269,-0.9027622005041173,-0.13879114067862966,0.8794854434664856,0.0,0.0,0.0,0.0,0.0,1.0,0.0,0.0,0.0,0.0,1.0
-0.12821593044813986,1.4433952268581207,-0.8320207718951299,0.7900441829605854,-0.8895575379362207,0.26228396432435797,0.08869329722410305,0.0,0.0,0.0,0.0,1.0,0.0,0.0,0.0,0.0,0.0,1.0
-0.10456516058369279,0.0,0.24038828424909756,-0.3658543631771882,0.3401268730258776,-0.5750055492202626,-0.2985781990521331,0.0,0.0,1.0,0.0,0.0,0.0,0.0,0.0,0.0,0.0,0.0
0.04596612518040614,0.0,-0.17750970463841068,0.133833030121458,0.02853704266081814,-0.612625591638299,-0.18754231550440026,0.0,0.0,0.0,0.0,0.0,0.0,0.0,0.0,1.0,0.0,0.0
0.57211495769538,0.0,0.37173111884705834,-0.4328238923750064,-1.7132423216856882,-0.06674893588971655,2.136086662153012,1.0,0.0,0.0,0.0,0.0,1.0,0.0,0.0,0.0,0.0,0.0
-0.0549419392681382,0.0,0.39343048473374104,-0.5328203004236989,0.6153090128471609,0.17923850396341495,-1.043331076506432,0.0,0.0,0.0,0.0,1.0,0.0,0.0,0.0,0.0,0.0,0.0
1.78908520729287,0.0,0.723041926003834,-0.7791247521481245,0.9137151026155786,-1.1486782168981615,0.5748138117806364,0.0,0.0,0.0,0.0,0.0,0.0,0.0,0.0,0.0,1.0,0.0
-0.12341569647942408,1.4433952268581207,-0.7389813002785288,1.3499353228665132,-0.3091902277647859,-0.3612205878743294,-0.7603249830737976,0.0,0.0,0.0,0.0,1.0,0.0,0.0,0.0,0.0,0.0,1.0
0.8899496669652803,0.0,0.9648589288324475,-0.49380605270337385,-0.7607530321634651,-1.456307036286215,3.460392687880838,1.0,0.0,0.0,0.0,0.0,0.0,0.0,0.0,0.0,1.0,0.0
-0.09759366567807397,1.127923106079307,-0.6469243123997224,0.7141017495509604,-0.5657577497063582,-0.5032586964076213,0.3473256601218685,0.0,0.0,0.0,0.0,0.0,0.0,1.0,0.0,0.0,0.0,1.0
-0.06091128995008793,0.0,-0.5921531432685573,0.7380015197561035,0.4616018571928924,0.26228396432435797,-0.5883547731888962,0.0,0.0,0.0,0.0,1.0,0.0,0.0,0.0,0.0,0.0,0.0
0.9806821619769911,0.0,1.7085866447950464,-0.7416345136512797,1.0667192567328614,0.26228396432435797,-1.0243737305348677,0.0,0.0,0.0,0.0,0.0,1.0,0.0,0.0,0.0,0.0,0.0
1.1741486999575614,0.0,-0.034075805251800775,0.06284564563855013,-0.4607117165043522,0.18791376981358213,1.1327014218009477,0.0,0.0,0.0,0.0,0.0,0.0,0.0,0.0,0.0,1.0,0.0
-0.10943936126911859,0.0,-0.22391149479599767,0.04755950692964008,-0.10363308301668821,0.26228396432435797,-0.39471902505077866,0.0,0.0,0.0,0.0,0.0,1.0,0.0,0.0,0.0,0.0,0.0
1.5827190590510314,0.0,0.7073766643870049,-0.8798544328103423,1.3966830557411904,0.26228396432435797,-1.785375761679079,0.0,0.0,0.0,0.0,0.0,0.0,0.0,0.0,0.0,1.0,0.0
-0.12825623980205653,1.0,-0.5564334343563306,0.4033894017315559,-1.106699514125828,-0.16758091271056744,2.160460392687881,0.0,0.0,0.0,0.0,0.0,1.0,0.0,0.0,0.0,0.0,1.0
-0.1287132424078918,1.499200050199295,-0.7198763343018032,0.4989445958302207,-1.0937294214490259,0.07455378303851126,2.205145565335138,0.0,0.0,0.0,0.0,1.0,0.0,0.0,0.0,0.0,0.0,1.0
-0.10465607612382882,0.0,-0.5196561288429729,0.16097187770966873,-0.2568213612322184,0.1819769940274115,-0.14014895057549012,0.0,0.0,0.0,1.0,0.0,0.0,0.0,0.0,0.0,0.0,0.0
0.056704570579997955,0.0,-0.2588756422419377,0.4095534716882074,-0.35814635375217896,0.26228396432435797,-0.2484766418415701,0.0,0.0,0.0,0.0,0.0,1.0,0.0,0.0,0.0,0.0,0.0
1.8012694679518635,0.0,0.23487248796008195,-0.09825719245389984,0.6198592070108232,-0.9310745700082232,-0.4041976980365602,0.0,0.0,0.0,0.0,0.0,0.0,0.0,0.0,0.0,1.0,0.0
-0.04404702351386944,0.0,0.24038828424909756,-0.45394076872984457,0.3832626392825854,-0.2665749584968227,-0.3229519295870008,0.0,0.0,1.0,0.0,0.0,0.0,0.0,0.0,0.0,0.0,0.0
1.7843352681448017,0.0,1.0757856691703143,-0.4894544192498563,1.0680765303235817,-5.175776572704974,-0.0981719702098846,0.0,0.0,0.0,0.0,0.0,0.0,0.0,0.0,0.0,1.0,0.0
1.489870887490526,0.0,0.8370683711185417,-0.6216540464468364,0.7538107190443858,-0.6386680256223217,0.2430602572782667,0.0,0.0,0.0,0.0,0.0,0.0,0.0,0.0,0.0,1.0,0.0
-0.0825343626952343,1.127923106079307,-0.6469243123997224,0.7409295586449489,0.17797872767142453,0.15782106632573709,-0.17535545023696703,0.0,0.0,0.0,0.0,0.0,0.0,1.0,0.0,0.0,0.0,1.0
1.5305149537323004,0.0,0.4204789573914344,-0.3771140895833188,0.6133538117471009,-0.4912248223073885,-0.05348679756262736,0.0,0.0,0.0,0.0,0.0,0.0,0.0,0.0,0.0,1.0,0.0
-0.049821205133836734,0.0,-0.5256745728127408,0.624202807885852,-0.39580605806350616,0.15054379850520724,-0.018280297901150468,0.0,0.0,0.0,1.0,0.0,0.0,0.0,0.0,0.0,0.0,0.0
0.8993314195263677,0.0,1.7085866447950464,-0.5689274086495776,0.3996409844157162,-5.141097702641403,-0.0981719702098846,1.0,0.0,0.0,0.0,0.0,1.0,0.0,0.0,0.0,0.0,0.0
-0.0660592959822376,0.0,-0.10262962439739381,-0.40412015918260114,0.5071897699935735,0.13192769741455176,-0.5057549085985104,0.0,0.0,0.0,0.0,0.0,1.0,0.0,0.0,0.0,0.0,0.0
-0.13283306515221915,1.2197551972982583,-0.6408216059944217,1.125777474272166,-0.6476648611462795,-0.05614570822141853,0.967501692620176,0.0,1.0,0.0,0.0,0.0,0.0,0.0,0.0,0.0,0.0,1.0
0.007636788417123154,0.0,0.47432542718725923,-0.5483117042080057,0.5573190243142282,0.04446220332151118,-0.7197020988490186,0.0,0.0,0.0,0.0,1.0,0.0,0.0,0.0,0.0,0.0,0.0
0.05731718909290591,0.0,0.47432542718725923,-0.5192360981436239,0.3658693708176127,0.13328829614172405,0.31076506431956635,0.0,0.0,0.0,0.0,1.0,0.0,0.0,0.0,0.0,0.0,0.0
0.19066358013195572,0.0,0.0,0.34776269267132526,-0.03799231849866587,-0.4779207715583284,-0.17400135409614056,0.0,0.0,0.0,0.0,1.0,0.0,0.0,0.0,0.0,0.0,0.0
0.24131134840650537,1.0,0.5969244896726373,-0.4567937028436098,-0.017222741049050697,0.05747197749461836,-0.8997968855788764,0.0,0.0,0.0,0.0,0.0,1.0,0.0,0.0,0.0,0.0,1.0
2.0307539733635402,0.0,1.0757856691703143,-0.5115885533578163,0.8544605136983993,0.014938620294570002,-0.5504400812457687,0.0,0.0,0.0,0.0,0.0,0.0,0.0,0.0,0.0,1.0,0.0
-0.11595665748701958,0.0,-0.16017251149844086,0.03441310629048316,-0.5776193908647834,0.20254709241934768,0.12254570074475349,0.0,0.0,0.0,0.0,0.0,1.0,0.0,0.0,0.0,0.0,0.0
-0.015947971379626537,0.0,-0.28226322365730466,0.13403355774637002,0.47552778120104605,-0.007794427786438943,-0.5653351387948536,1.0,0.0,0.0,0.0,1.0,0.0,0.0,0.0,0.0,0.0,0.0
-0.07026834439935958,1.2575507242285282,-0.5921531432685573,0.3730919921678889,-0.9138744195310036,-0.35952671737110253,0.4488828706838186,0.0,0.0,0.0,0.0,0.0,1.0,0.0,0.0,0.0,0.0,1.0
-0.09983449693648416,0.0,-0.5921531432685573,0.29540946424929465,-0.496874136443624,0.17148479810420955,0.0656736628300606,0.0,0.0,0.0,0.0,0.0,1.0,0.0,0.0,0.0,0.0,0.0
-0.07992840654203417,1.0701502796142182,-0.4956238166036114,0.8934351037619607,-0.5048769144890111,0.26228396432435797,0.3134732566012193,0.0,0.0,0.0,0.0,0.0,0.0,0.0,0.0,1.0,0.0,1.0
-0.10654851491777029,0.0,-0.5437548746491755,0.08816657831481285,-0.5947636768948666,0.26228396432435797,1.6134055517941777,0.0,0.0,1.0,0.0,0.0,0.0,0.0,0.0,0.0,0.0,0.0
0.8398703738378431,0.0,0.6391666837426835,-0.04540868356461755,0.3286944421708487,-2.1211495878694206,-0.6303317535545017,0.0,0.0,0.0,0.0,0.0,0.0,0.0,0.0,0.0,1.0,0.0
1.8993496254559983,0.0,0.7646788564678413,-0.52631645109133,1.1804031824143233,-5.175079482200868,0.28368314150304696,0.0,0.0,0.0,0.0,0.0,0.0,0.0,0.0,0.0,1.0,0.0
0.0751083644197432,0.0,0.24038828424909756,-0.5632600605421039,1.1041729001418776,-1.2862720508102887,-0.8280297901150973,0.0,0.0,1.0,0.0,0.0,0.0,0.0,0.0,0.0,0.0,0.0
-0.11638583637506392,1.0152799056622093,-0.5800283628106341,0.8251564665606765,-0.7627279356429988,0.26228396432435797,0.3879485443466488,0.0,0.0,0.0,0.0,1.0,0.0,0.0,0.0,0.0,0.0,1.0
-0.1398269665147854,1.4630692948954902,-0.6408216059944217,1.0903601006759331,-0.5657577497063582,0.058819117110467556,0.39471902505077866,0.0,0.0,0.0,0.0,1.0,0.0,0.0,0.0,0.0,0.0,1.0
-0.040466781576672314,0.0,-0.22391149479599767,0.1886693123432595,-0.0524060092548841,0.10386356239341546,-0.3500338524035202,0.0,0.0,0.0,0.0,0.0,1.0,0.0,0.0,0.0,0.0,0.0
-0.07694513210623212,0.0,-0.5437548746491755,0.08816657831481285,0.07569087351691518,0.031922654527764514,-0.08327691266079845,0.0,0.0,1.0,0.0,0.0,0.0,0.0,0.0,0.0,0.0,0.0
-0.14235220558796752,1.4433952268581207,-0.6042948106127963,1.063350811423271,-0.6297794425356565,-0.007794427786438943,0.5558564658090721,0.0,0.0,0.0,0.0,1.0,0.0,0.0,0.0,0.0,0.0,1.0
-0.05523223724644028,0.0,0.24038828424909756,-0.47571443762846627,1.0201360881327186,-0.8699304348892398,-0.49898442789438047,0.0,0.0,1.0,0.0,0.0,0.0,0.0,0.0,0.0,0.0,0.0
0.0824280541816236,0.0,0.0339431281920292,0.09917952137756858,-0.027017653058081615,0.18471646946349157,0.2132701421800944,0.0,0.0,0.0,0.0,1.0,0.0,0.0,0.0,0.0,0.0,0.0
0.684612101419677,0.0,1.7085866447950464,-0.6780799441219874,1.1498779654056974,-1.369446530574443,-1.4062288422477993,0.0,0.0,0.0,0.0,0.0,1.0,0.0,0.0,0.0,0.0,0.0
-0.060624709835687796,0.0,-0.5256745728127408,0.624202807885852,-0.6621611027045322,-0.3370433220073878,-0.07515233581584335,0.0,0.0,0.0,1.0,0.0,0.0,0.0,0.0,0.0,0.0,0.0
0.19855898908706116,1.0,0.5969244896726373,-0.44603800977946495,-0.4778753995789192,0.03639862864978604,0.8361543669600536,0.0,0.0,0.0,0.0,0.0,1.0,0.0,0.0,0.0,0.0,1.0
-0.0426673696477266,0.0,0.05086526047534356,-0.25946836723007394,0.45569124328566346,-1.7858693812155622,-0.4014895057549085,0.0,0.0,0.0,0.0,0.0,0.0,1.0,0.0,0.0,0.0,0.0
-0.14235220558796752,1.4816312242027347,-0.8133332711829964,0.6563521118972548,-1.2739331902846918,0.19888613121981527,2.299932295192958,1.0,1.0,0.0,0.0,0.0,0.0,0.0,0.0,0.0,0.0,1.0
1.9253446684943079,0.0,0.32816967533296343,-0.6653385789481909,1.3827247801638785,-5.174937978206593,-2.161814488828706,0.0,0.0,0.0,0.0,0.0,0.0,0.0,0.0,0.0,1.0,0.0
-0.13927387016072817,0.9583672946309687,-0.7198763343018032,1.183156925337784,-0.3091902277647859,0.09528421007849949,1.1909275558564658,0.0,0.0,0.0,1.0,0.0,0.0,0.0,0.0,0.0,0.0,1.0
-0.0938429357738165,0.8548761714466375,-0.0797184003191944,0.5920105948808809,0.18075448710262743,0.20254709241934768,-0.28774542992552515,0.0,0.0,0.0,0.0,0.0,1.0,0.0,0.0,0.0,0.0,1.0
-0.11132519977584167,1.0,-0.5564334343563306,0.5192440164961456,-1.3195157876851238,-0.5995650093851999,1.9234935680433303,1.0,0.0,0.0,0.0,0.0,1.0,0.0,0.0,0.0,0.0,1.0
-0.09114340822375946,1.127923106079307,-0.6469243123997224,0.7141017495509604,-0.40614351939261556,-0.31959991414408845,0.5165876777251183,0.0,0.0,0.0,0.0,0.0,0.0,1.0,0.0,0.0,0.0,1.0
1.5571809574771436,0.0,1.0757856691703143,-0.45616910143874084,0.9510404533101485,-5.172567949209058,0.31753554502369624,0.0,0.0,0.0,0.0,0.0,0.0,0.0,0.0,0.0,1.0,0.0
0.45301084851571355,0.0,0.0,0.22733695811168828,1.1237819426445772,-4.27478111410377,-0.3716993906567362,0.0,0.0,0.0,0.0,1.0,0.0,0.0,0.0,0.0,0.0,0.0
0.05580783711798721,0.0,0.0339431281920292,-0.03366226085151908,-0.07037883476805291,0.23189798526351074,-0.34190927555856393,0.0,0.0,0.0,0.0,1.0,0.0,0.0,0.0,0.0,0.0,0.0
0.4637188938046011,0.0,1.7085866447950464,-0.5590614468796756,-0.4031811633921265,-1.100305634098879,0.38659444820582234,0.0,0.0,0.0,0.0,0.0,1.0,0.0,0.0,0.0,0.0,0.0
0.043335490945051375,0.0,0.47432542718725923,-0.5367947613147162,0.4279824707400187,0.26228396432435797,0.27962085308056883,0.0,0.0,0.0,0.0,1.0,0.0,0.0,0.0,0.0,0.0,0.0
-0.0880166497684108,0.0,-0.22391149479599767,0.0529280999673488,0.08271197185432093,-0.5795150436565055,-0.51929587000677,0.0,0.0,0.0,0.0,0.0,1.0,0.0,0.0,0.0,0.0,0.0
0.7986265486853587,0.0,0.37173111884705834,-0.3304819625389709,-0.08861573326534392,-4.172518927931393,-0.16723087339201073,0.0,0.0,0.0,0.0,0.0,1.0,0.0,0.0,0.0,0.0,0.0
0.1497886832210138,0.0,0.47432542718725923,-0.606739027009811,0.6410882691824358,0.26228396432435797,-0.09952606635071104,0.0,0.0,0.0,0.0,1.0,0.0,0.0,0.0,0.0,0.0,0.0
0.9237471348218276,0.0,0.9648589288324475,-0.5656306329027372,0.3179834925485835,-2.6500379644563674,-1.7081922816519968,0.0,0.0,0.0,0.0,0.0,0.0,0.0,0.0,0.0,1.0,0.0
-0.06731379993063208,0.0,0.05086526047534356,-0.253938237636697,0.4264669313880781,-1.9891581228959123,-0.4773188896411645,0.0,0.0,0.0,0.0,0.0,0.0,1.0,0.0,0.0,0.0,0.0
0.6141428148356946,0.0,0.37173111884705834,-0.43054670956373103,-1.122444671239663,-0.9093357823147022,2.308056872037915,0.0,0.0,0.0,0.0,0.0,1.0,0.0,0.0,0.0,0.0,0.0
-0.0366044433689681,0.0,-0.2588756422419377,0.36678060114794403,-0.48259789065946407,0.26228396432435797,0.2051455653351393,0.0,0.0,0.0,0.0,0.0,1.0,0.0,0.0,0.0,0.0,0.0
1.2636396926916758,0.0,0.9394502377356261,-0.15895052904478588,0.3171557322144489,0.26228396432435797,0.1252538930264052,0.0,0.0,0.0,0.0,0.0,0.0,0.0,0.0,0.0,1.0,0.0
2.978426140276513,0.0,0.723041926003834,-0.7390398984517733,0.5586830096987774,0.26228396432435797,1.0067704807041298,0.0,0.0,0.0,0.0,0.0,0.0,0.0,0.0,0.0,1.0,0.0
0.010108306390652955,0.0,-0.10262962439739381,-0.22827973031664006,0.44004062580310527,0.005123595215432471,0.006093432633717224,0.0,0.0,0.0,0.0,0.0,1.0,0.0,0.0,0.0,0.0,0.0
-0.009364518899486488,0.0,-0.10262962439739381,-0.16599961235810107,0.0021382046560355383,-5.158997072995639,0.24441435341909315,0.0,0.0,0.0,0.0,0.0,1.0,0.0,0.0,0.0,0.0,0.0
1.4655847831938855,0.0,0.5118210365776537,-0.8829842556619576,-0.1211896214751435,-1.0306035415966703,-0.01150981719702062,0.0,0.0,0.0,0.0,0.0,0.0,0.0,0.0,0.0,1.0,0.0
-0.02153306936421338,0.0,0.39343048473374104,-0.5320173853441145,1.2061565430222303,-2.584917557753555,-1.532159783344617,0.0,0.0,0.0,0.0,1.0,0.0,0.0,0.0,0.0,0.0,0.0
1.4982575024227063,0.0,1.0757856691703143,-0.4221721961335906,0.7069216154217944,-0.22610808486474765,0.2457684495599184,0.0,0.0,0.0,0.0,0.0,0.0,0.0,0.0,0.0,1.0,0.0
1.3757043589377804,0.0,0.8730389557256899,-0.6762372420265437,0.9795304818067267,0.26228396432435797,-0.9539607312119163,0.0,0.0,0.0,0.0,0.0,0.0,0.0,0.0,0.0,1.0,0.0
1.46249853721723,0.0,0.8730389557256899,-0.6515811366901575,0.9320136144844163,0.26228396432435797,-0.9322951929587003,0.0,0.0,0.0,0.0,0.0,0.0,0.0,0.0,0.0,1.0,0.0
-0.1339701361559067,0.0,-0.4001516427590405,0.46566095914240985,-0.16803391951790753,0.26228396432435797,0.26607989167230917,0.0,0.0,1.0,0.0,0.0,0.0,0.0,0.0,0.0,0.0,0.0
-0.0948987886947565,1.2575507242285282,-0.5921531432685573,0.7667825950775463,-1.3636249266593514,-0.02779473559601158,1.2911306702775895,0.0,0.0,0.0,0.0,0.0,1.0,0.0,0.0,0.0,0.0,1.0
